Year,State,Nominal Sales Per Capital FAH ,Nominal Sales Per Capital FAFH,Total nominal food sales per capita,Constant dollar sales per capita FAH,Constant dollar sales per capita FAFH,Total constant dollar food sales per capita
1997,Alabama,"1,402.66",830.93,"2,233.59","1,034.48",644.63,"1,679.11"
1998,Alabama,"1,436.63",881.93,"2,318.56","1,039.80",666.79,"1,706.58"
1999,Alabama,"1,525.26",941.93,"2,467.19","1,083.10",694.89,"1,778.00"
2000,Alabama,"1,553.83","1,016.75","2,570.58","1,079.08",732.78,"1,811.86"
2001,Alabama,"1,605.38",970.99,"2,576.37","1,079.51",680.08,"1,759.59"
2002,Alabama,"1,570.10","1,016.82","2,586.92","1,042.56",694.61,"1,737.17"
2003,Alabama,"1,607.18","1,085.97","2,693.15","1,044.57",726.37,"1,770.94"
2004,Alabama,"1,652.36","1,182.38","2,834.74","1,034.72",768.07,"1,802.80"
2005,Alabama,"1,806.21","1,258.34","3,064.55","1,109.61",792.48,"1,902.09"
2006,Alabama,"1,835.88","1,329.61","3,165.50","1,108.57",812.17,"1,920.74"
2007,Alabama,"1,848.83","1,391.84","3,240.66","1,071.20",820.32,"1,891.51"
2008,Alabama,"1,863.23","1,409.04","3,272.28","1,014.61",795.39,"1,810.00"
2009,Alabama,"1,782.06","1,394.78","3,176.84",965.90,760.88,"1,726.78"
2010,Alabama,"1,832.98","1,419.84","3,252.83",990.22,764.82,"1,755.05"
2011,Alabama,"1,901.74","1,488.67","3,390.41",980.29,783.58,"1,763.87"
2012,Alabama,"2,041.39","1,557.15","3,598.54","1,026.97",796.94,"1,823.91"
2013,Alabama,"2,112.05","1,634.87","3,746.91","1,053.00",819.22,"1,872.23"
2014,Alabama,"2,186.80","1,764.63","3,951.43","1,064.83",863.25,"1,928.08"
2015,Alabama,"2,257.89","1,902.46","4,160.35","1,086.77",904.80,"1,991.57"
2016,Alabama,"2,267.64","1,988.81","4,256.44","1,106.00",922.12,"2,028.12"
2017,Alabama,"2,331.24","2,099.21","4,430.45","1,139.29",951.11,"2,090.40"
2018,Alabama,"2,402.33","2,188.32","4,590.65","1,168.78",966.09,"2,134.87"
2019,Alabama,"2,405.47","2,260.49","4,665.96","1,160.08",968.07,"2,128.14"
2020,Alabama,"2,539.24","1,933.36","4,472.60","1,183.20",801.11,"1,984.32"
1997,Alaska,"1,213.87","1,028.80","2,242.67",895.24,798.14,"1,693.38"
1998,Alaska,"1,568.86","1,091.81","2,660.68","1,135.50",825.47,"1,960.97"
1999,Alaska,"1,634.47","1,130.06","2,764.53","1,160.65",833.68,"1,994.33"
2000,Alaska,"1,797.81","1,194.14","2,991.95","1,248.51",860.63,"2,109.14"
2001,Alaska,"1,964.39","1,250.55","3,214.94","1,320.92",875.89,"2,196.81"
2002,Alaska,"1,547.33","1,279.73","2,827.07","1,027.44",874.21,"1,901.65"
2003,Alaska,"1,346.67","1,351.94","2,698.61",875.26,904.26,"1,779.52"
2004,Alaska,"1,596.69","1,446.18","3,042.88",999.86,939.44,"1,939.30"
2005,Alaska,"1,662.58","1,520.61","3,183.19","1,021.38",957.65,"1,979.03"
2006,Alaska,"1,751.68","1,583.31","3,334.99","1,057.72",967.14,"2,024.86"
2007,Alaska,"1,904.50","1,645.00","3,549.50","1,103.46",969.53,"2,072.98"
2008,Alaska,"2,218.16","1,680.02","3,898.18","1,207.88",948.36,"2,156.24"
2009,Alaska,"2,166.48","1,583.40","3,749.88","1,174.26",863.78,"2,038.04"
2010,Alaska,"2,230.64","1,639.98","3,870.62","1,205.05",883.40,"2,088.45"
2011,Alaska,"2,342.16","1,742.37","4,084.53","1,207.32",917.11,"2,124.43"
2012,Alaska,"2,610.51","1,867.22","4,477.73","1,313.28",955.63,"2,268.92"
2013,Alaska,"2,474.31","1,900.55","4,374.86","1,233.61",952.36,"2,185.97"
2014,Alaska,"2,421.14","2,085.20","4,506.34","1,178.94","1,020.07","2,199.01"
2015,Alaska,"2,312.16","2,229.03","4,541.19","1,112.89","1,060.11","2,173.00"
2016,Alaska,"2,205.88","2,245.99","4,451.87","1,075.88","1,041.37","2,117.25"
2017,Alaska,"2,163.83","2,372.65","4,536.48","1,057.48","1,075.00","2,132.48"
2018,Alaska,"2,192.51","2,583.74","4,776.24","1,066.70","1,140.66","2,207.36"
2019,Alaska,"2,283.06","2,820.79","5,103.85","1,101.04","1,208.02","2,309.06"
2020,Alaska,"2,432.63","2,342.36","4,774.98","1,133.52",970.59,"2,104.11"
1997,Arizona,"1,284.90","1,007.64","2,292.53",947.62,781.72,"1,729.34"
1998,Arizona,"1,262.66","1,084.07","2,346.73",913.88,819.62,"1,733.50"
1999,Arizona,"1,264.74","1,131.08","2,395.82",898.10,834.44,"1,732.54"
2000,Arizona,"1,167.21","1,147.73","2,314.94",810.58,827.18,"1,637.76"
2001,Arizona,"1,140.56","1,155.67","2,296.23",766.95,809.44,"1,576.39"
2002,Arizona,"1,148.01","1,195.99","2,344.00",762.29,817.00,"1,579.29"
2003,Arizona,"1,164.92","1,258.26","2,423.18",757.13,841.60,"1,598.73"
2004,Arizona,"1,202.70","1,346.89","2,549.59",753.14,874.94,"1,628.08"
2005,Arizona,"1,301.96","1,401.94","2,703.91",799.84,882.92,"1,682.76"
2006,Arizona,"1,310.76","1,454.08","2,764.84",791.48,888.20,"1,679.68"
2007,Arizona,"1,417.01","1,517.62","2,934.63",821.00,894.45,"1,715.45"
2008,Arizona,"1,639.96","1,517.43","3,157.38",893.03,856.58,"1,749.60"
2009,Arizona,"1,785.86","1,495.18","3,281.05",967.96,815.66,"1,783.62"
2010,Arizona,"1,918.14","1,533.30","3,451.43","1,036.23",825.94,"1,862.16"
2011,Arizona,"2,119.24","1,652.19","3,771.43","1,092.41",869.65,"1,962.05"
2012,Arizona,"2,319.81","1,735.31","4,055.12","1,167.04",888.12,"2,055.16"
2013,Arizona,"2,314.66","1,882.03","4,196.69","1,154.02",943.08,"2,097.10"
2014,Arizona,"2,338.87","2,048.95","4,387.82","1,138.88","1,002.33","2,141.21"
2015,Arizona,"2,331.02","2,233.80","4,564.82","1,121.97","1,062.38","2,184.35"
2016,Arizona,"2,325.93","2,566.62","4,892.55","1,134.43","1,190.03","2,324.46"
2017,Arizona,"2,288.83","2,755.94","5,044.77","1,118.56","1,248.67","2,367.23"
2018,Arizona,"2,374.62","2,846.02","5,220.63","1,155.30","1,256.45","2,411.75"
2019,Arizona,"2,419.25","2,921.79","5,341.04","1,166.72","1,251.27","2,418.00"
2020,Arizona,"2,637.92","2,397.63","5,035.56","1,229.18",993.49,"2,222.68"
1997,Arkansas,"1,234.14",758.34,"1,992.49",910.19,588.32,"1,498.51"
1998,Arkansas,"1,300.41",790.62,"2,091.02",941.20,597.75,"1,538.95"
1999,Arkansas,"1,342.14",833.24,"2,175.38",953.06,614.71,"1,567.77"
2000,Arkansas,"1,353.86",859.45,"2,213.31",940.20,619.41,"1,559.61"
2001,Arkansas,"1,449.91",922.68,"2,372.60",974.97,646.25,"1,621.22"
2002,Arkansas,"1,425.44",955.11,"2,380.54",946.50,652.45,"1,598.95"
2003,Arkansas,"1,520.42","1,000.35","2,520.77",988.19,669.10,"1,657.29"
2004,Arkansas,"1,636.96","1,069.90","2,706.85","1,025.08",695.00,"1,720.08"
2005,Arkansas,"1,830.68","1,131.46","2,962.14","1,124.64",712.57,"1,837.21"
2006,Arkansas,"1,842.80","1,183.64","3,026.44","1,112.74",723.01,"1,835.75"
2007,Arkansas,"1,787.24","1,242.76","3,030.00","1,035.51",732.46,"1,767.97"
2008,Arkansas,"1,782.55","1,288.39","3,070.94",970.67,727.29,"1,697.96"
2009,Arkansas,"1,613.82","1,242.74","2,856.56",874.71,677.94,"1,552.66"
2010,Arkansas,"1,657.71","1,275.22","2,932.93",895.53,686.92,"1,582.45"
2011,Arkansas,"1,732.54","1,346.33","3,078.87",893.07,708.65,"1,601.73"
2012,Arkansas,"1,873.67","1,434.06","3,307.73",942.60,733.95,"1,676.54"
2013,Arkansas,"1,864.43","1,533.71","3,398.14",929.55,768.54,"1,698.08"
2014,Arkansas,"1,907.98","1,684.08","3,592.06",929.07,823.84,"1,752.91"
2015,Arkansas,"1,914.05","1,808.88","3,722.93",921.27,860.29,"1,781.56"
2016,Arkansas,"1,843.87","1,886.58","3,730.45",899.32,874.72,"1,774.04"
2017,Arkansas,"1,912.81","1,982.30","3,895.11",934.80,898.14,"1,832.94"
2018,Arkansas,"2,035.73","2,098.89","4,134.62",990.42,926.61,"1,917.03"
2019,Arkansas,"1,920.74","2,109.02","4,029.75",926.31,903.20,"1,829.50"
2020,Arkansas,"2,063.65","1,825.68","3,889.33",961.59,756.50,"1,718.09"
1997,California,"1,326.32","1,058.96","2,385.28",978.17,821.54,"1,799.71"
1998,California,"1,337.98","1,106.20","2,444.18",968.39,836.35,"1,804.74"
1999,California,"1,383.33","1,146.54","2,529.88",982.32,845.84,"1,828.16"
2000,California,"1,397.46","1,211.04","2,608.49",970.48,872.81,"1,843.28"
2001,California,"1,456.02","1,250.56","2,706.59",979.08,875.90,"1,854.98"
2002,California,"1,539.16","1,325.63","2,864.78","1,022.01",905.56,"1,927.57"
2003,California,"1,546.11","1,391.30","2,937.41","1,004.89",930.59,"1,935.48"
2004,California,"1,570.98","1,494.80","3,065.78",983.76,971.02,"1,954.78"
2005,California,"1,635.57","1,576.11","3,211.67","1,004.78",992.61,"1,997.38"
2006,California,"1,690.81","1,686.33","3,377.14","1,020.97","1,030.06","2,051.03"
2007,California,"1,772.11","1,740.90","3,513.00","1,026.75","1,026.05","2,052.79"
2008,California,"1,848.77","1,764.18","3,612.96","1,006.73",995.87,"2,002.60"
2009,California,"1,787.79","1,734.19","3,521.98",969.01,946.04,"1,915.05"
2010,California,"1,791.94","1,756.79","3,548.73",968.05,946.32,"1,914.37"
2011,California,"1,923.30","1,862.16","3,785.46",991.40,980.17,"1,971.57"
2012,California,"1,950.19","1,931.60","3,881.79",981.09,988.58,"1,969.68"
2013,California,"2,045.24","2,058.85","4,104.09","1,019.69","1,031.68","2,051.37"
2014,California,"2,181.71","2,204.21","4,385.92","1,062.36","1,078.29","2,140.64"
2015,California,"2,230.27","2,447.76","4,678.03","1,073.48","1,164.14","2,237.62"
2016,California,"2,295.11","2,631.08","4,926.19","1,119.40","1,219.91","2,339.32"
2017,California,"2,430.54","2,836.75","5,267.30","1,187.82","1,285.28","2,473.10"
2018,California,"2,521.61","2,894.70","5,416.31","1,226.82","1,277.94","2,504.76"
2019,California,"2,619.26","3,037.88","5,657.13","1,263.18","1,300.99","2,564.17"
2020,California,"2,818.31","2,670.79","5,489.09","1,313.24","1,106.68","2,419.91"
1997,Colorado,"1,743.13","1,212.81","2,955.94","1,285.57",940.89,"2,226.46"
1998,Colorado,"1,746.00","1,274.79","3,020.79","1,263.71",963.81,"2,227.52"
1999,Colorado,"1,849.36","1,336.06","3,185.42","1,313.25",985.66,"2,298.91"
2000,Colorado,"1,800.97","1,355.52","3,156.50","1,250.70",976.94,"2,227.65"
2001,Colorado,"1,858.14","1,418.20","3,276.33","1,249.47",993.31,"2,242.78"
2002,Colorado,"1,904.25","1,487.42","3,391.67","1,264.44","1,016.09","2,280.52"
2003,Colorado,"1,973.90","1,533.01","3,506.91","1,282.92","1,025.38","2,308.30"
2004,Colorado,"1,929.22","1,647.69","3,576.91","1,208.09","1,070.34","2,278.44"
2005,Colorado,"2,059.90","1,724.74","3,784.64","1,265.46","1,086.21","2,351.67"
2006,Colorado,"2,051.74","1,807.11","3,858.85","1,238.91","1,103.84","2,342.75"
2007,Colorado,"2,126.54","1,881.66","4,008.19","1,232.10","1,109.00","2,341.11"
2008,Colorado,"2,262.67","1,893.74","4,156.40","1,232.12","1,069.00","2,301.12"
2009,Colorado,"2,261.37","1,869.42","4,130.79","1,225.69","1,019.81","2,245.51"
2010,Colorado,"2,360.05","1,929.18","4,289.23","1,274.96","1,039.19","2,314.14"
2011,Colorado,"2,477.38","2,059.87","4,537.25","1,277.02","1,084.23","2,361.25"
2012,Colorado,"2,726.26","2,179.94","4,906.19","1,371.51","1,115.68","2,487.20"
2013,Colorado,"2,757.13","2,333.46","5,090.59","1,374.62","1,169.28","2,543.90"
2014,Colorado,"2,924.29","2,538.03","5,462.31","1,423.94","1,241.59","2,665.53"
2015,Colorado,"2,901.24","2,819.31","5,720.55","1,396.43","1,340.85","2,737.27"
2016,Colorado,"2,944.74","3,053.55","5,998.29","1,436.25","1,415.80","2,852.04"
2017,Colorado,"2,994.27","3,266.10","6,260.37","1,463.32","1,479.81","2,943.13"
2018,Colorado,"3,051.50","3,484.56","6,536.06","1,484.62","1,538.35","3,022.97"
2019,Colorado,"3,064.21","3,586.48","6,650.70","1,477.77","1,535.93","3,013.70"
2020,Colorado,"3,320.28","3,000.62","6,320.90","1,547.14","1,243.35","2,790.49"
1997,Connecticut,"1,760.83","1,093.58","2,854.41","1,298.63",848.39,"2,147.02"
1998,Connecticut,"1,785.46","1,140.77","2,926.23","1,292.27",862.48,"2,154.75"
1999,Connecticut,"1,573.10","1,161.37","2,734.48","1,117.08",856.79,"1,973.86"
2000,Connecticut,"1,604.98","1,191.23","2,796.21","1,114.60",858.53,"1,973.12"
2001,Connecticut,"1,657.72","1,224.71","2,882.43","1,114.71",857.79,"1,972.50"
2002,Connecticut,"1,672.28","1,295.56","2,967.84","1,110.41",885.02,"1,995.43"
2003,Connecticut,"1,791.52","1,373.27","3,164.79","1,164.39",918.53,"2,082.92"
2004,Connecticut,"1,889.39","1,571.48","3,460.87","1,183.15","1,020.83","2,203.98"
2005,Connecticut,"2,015.56","1,663.35","3,678.91","1,238.22","1,047.55","2,285.77"
2006,Connecticut,"2,107.63","1,751.36","3,858.99","1,272.66","1,069.79","2,342.45"
2007,Connecticut,"2,236.18","1,840.92","4,077.10","1,295.63","1,085.00","2,380.62"
2008,Connecticut,"2,339.51","1,752.69","4,092.20","1,273.96",989.38,"2,263.34"
2009,Connecticut,"2,382.90","1,674.06","4,056.96","1,291.56",913.24,"2,204.80"
2010,Connecticut,"2,354.28","1,682.38","4,036.66","1,271.84",906.24,"2,178.08"
2011,Connecticut,"2,431.28","1,764.68","4,195.96","1,253.25",928.86,"2,182.11"
2012,Connecticut,"2,506.46","1,874.02","4,380.48","1,260.94",959.11,"2,220.05"
2013,Connecticut,"2,612.29","1,981.12","4,593.41","1,302.41",992.73,"2,295.14"
2014,Connecticut,"2,673.89","2,092.99","4,766.88","1,302.02","1,023.88","2,325.90"
2015,Connecticut,"2,705.11","2,274.45","4,979.55","1,302.02","1,081.71","2,383.74"
2016,Connecticut,"2,744.03","2,489.43","5,233.46","1,338.35","1,154.24","2,492.59"
2017,Connecticut,"2,816.88","2,717.95","5,534.83","1,376.63","1,231.45","2,608.08"
2018,Connecticut,"2,791.29","2,847.69","5,638.98","1,358.02","1,257.19","2,615.20"
2019,Connecticut,"2,885.91","3,003.00","5,888.91","1,391.78","1,286.05","2,677.83"
2020,Connecticut,"3,070.30","2,626.63","5,696.93","1,430.65","1,088.38","2,519.04"
1997,Delaware,"1,520.03","1,161.08","2,681.11","1,121.03",900.76,"2,021.79"
1998,Delaware,"1,484.55","1,254.80","2,739.35","1,074.48",948.69,"2,023.17"
1999,Delaware,"1,632.67","1,299.59","2,932.26","1,159.38",958.75,"2,118.13"
2000,Delaware,"1,667.22","1,355.07","3,022.29","1,157.82",976.62,"2,134.43"
2001,Delaware,"1,793.41","1,412.88","3,206.29","1,205.95",989.59,"2,195.53"
2002,Delaware,"1,789.42","1,435.22","3,224.64","1,188.19",980.42,"2,168.61"
2003,Delaware,"1,793.36","1,478.95","3,272.30","1,165.58",989.21,"2,154.79"
2004,Delaware,"1,950.51","1,581.90","3,532.41","1,221.42","1,027.60","2,249.03"
2005,Delaware,"1,958.74","1,654.64","3,613.39","1,203.32","1,042.07","2,245.38"
2006,Delaware,"2,018.08","1,700.36","3,718.44","1,218.58","1,038.64","2,257.22"
2007,Delaware,"2,139.85","1,741.70","3,881.55","1,239.82","1,026.52","2,266.33"
2008,Delaware,"2,187.87","1,772.96","3,960.83","1,191.39","1,000.82","2,192.21"
2009,Delaware,"2,034.79","1,709.98","3,744.78","1,102.88",932.84,"2,035.72"
2010,Delaware,"2,054.31","1,745.07","3,799.39","1,109.79",940.01,"2,049.80"
2011,Delaware,"2,125.21","1,841.05","3,966.26","1,095.48",969.05,"2,064.54"
2012,Delaware,"2,186.67","1,932.56","4,119.23","1,100.06",989.07,"2,089.14"
2013,Delaware,"2,139.74","2,001.43","4,141.17","1,066.81","1,002.90","2,069.71"
2014,Delaware,"2,147.50","2,162.83","4,310.34","1,045.70","1,058.04","2,103.74"
2015,Delaware,"2,136.20","2,281.22","4,417.42","1,028.20","1,084.93","2,113.13"
2016,Delaware,"2,317.87","2,373.32","4,691.19","1,130.50","1,100.40","2,230.91"
2017,Delaware,"2,226.15","2,505.55","4,731.70","1,087.93","1,135.22","2,223.15"
2018,Delaware,"2,261.79","2,620.52","4,882.32","1,100.41","1,156.90","2,257.31"
2019,Delaware,"2,268.28","2,502.02","4,770.30","1,093.92","1,071.50","2,165.42"
2020,Delaware,"2,446.13","2,100.23","4,546.36","1,139.81",870.26,"2,010.07"
1997,District of Columbia,"1,347.20","3,491.68","4,838.89",993.57,"2,708.83","3,702.41"
1998,District of Columbia,"1,342.52","3,964.42","5,306.94",971.68,"2,997.31","3,968.99"
1999,District of Columbia,"1,327.31","3,880.69","5,208.00",942.53,"2,862.92","3,805.45"
2000,District of Columbia,"1,176.60","3,842.16","5,018.76",817.10,"2,769.08","3,586.18"
2001,District of Columbia,"1,190.85","3,512.59","4,703.44",800.77,"2,460.23","3,261.00"
2002,District of Columbia,"1,236.23","3,357.87","4,594.10",820.87,"2,293.82","3,114.69"
2003,District of Columbia,"1,019.82","3,417.09","4,436.91",662.82,"2,285.57","2,948.39"
2004,District of Columbia,"1,194.05","3,871.36","5,065.42",747.73,"2,514.84","3,262.57"
2005,District of Columbia,"1,381.56","4,164.95","5,546.50",848.73,"2,623.01","3,471.75"
2006,District of Columbia,"1,474.68","4,392.64","5,867.33",890.46,"2,683.17","3,573.63"
2007,District of Columbia,"1,602.41","4,690.25","6,292.66",928.42,"2,764.33","3,692.75"
2008,District of Columbia,"1,667.17","4,686.26","6,353.43",907.85,"2,645.36","3,553.20"
2009,District of Columbia,"1,686.40","4,025.82","5,712.22",914.05,"2,196.18","3,110.23"
2010,District of Columbia,"1,425.88","3,795.89","5,221.77",770.30,"2,044.72","2,815.01"
2011,District of Columbia,"1,447.78","3,895.19","5,342.97",746.29,"2,050.27","2,796.55"
2012,District of Columbia,"1,324.48","3,919.71","5,244.18",666.31,"2,006.08","2,672.40"
2013,District of Columbia,"1,252.30","3,805.45","5,057.76",624.36,"1,906.89","2,531.25"
2014,District of Columbia,"1,385.74","3,858.81","5,244.55",674.77,"1,887.71","2,562.48"
2015,District of Columbia,"1,277.41","3,979.34","5,256.75",614.85,"1,892.55","2,507.39"
2016,District of Columbia,"1,213.76","4,129.31","5,343.06",591.99,"1,914.58","2,506.56"
2017,District of Columbia,"1,168.97","4,380.09","5,549.05",571.28,"1,984.53","2,555.82"
2018,District of Columbia,"1,173.78","4,669.01","5,842.80",571.07,"2,061.25","2,632.32"
2019,District of Columbia,"1,219.04","4,774.44","5,993.48",587.90,"2,044.68","2,632.58"
2020,District of Columbia,"1,365.64","3,931.35","5,296.99",636.34,"1,629.01","2,265.35"
1997,Florida,"1,460.63","1,256.92","2,717.55","1,077.23",975.11,"2,052.34"
1998,Florida,"1,505.82","1,308.17","2,813.99","1,089.88",989.04,"2,078.92"
1999,Florida,"1,562.96","1,368.84","2,931.80","1,109.87","1,009.84","2,119.72"
2000,Florida,"1,609.89","1,402.17","3,012.06","1,118.01","1,010.56","2,128.57"
2001,Florida,"1,639.24","1,474.79","3,114.04","1,102.28","1,032.95","2,135.23"
2002,Florida,"1,652.69","1,552.02","3,204.70","1,097.40","1,060.21","2,157.61"
2003,Florida,"1,754.91","1,610.55","3,365.46","1,140.59","1,077.24","2,217.83"
2004,Florida,"1,902.03","1,692.08","3,594.11","1,191.06","1,099.18","2,290.24"
2005,Florida,"2,000.13","1,769.10","3,769.23","1,228.74","1,114.15","2,342.89"
2006,Florida,"2,110.38","1,893.14","4,003.52","1,274.32","1,156.39","2,430.71"
2007,Florida,"2,144.35","1,983.80","4,128.15","1,242.42","1,169.21","2,411.63"
2008,Florida,"2,170.07","2,011.86","4,181.93","1,181.70","1,135.68","2,317.38"
2009,Florida,"2,232.94","1,954.62","4,187.56","1,210.28","1,066.29","2,276.57"
2010,Florida,"2,282.52","2,029.28","4,311.80","1,233.08","1,093.11","2,326.18"
2011,Florida,"2,326.39","2,144.27","4,470.66","1,199.19","1,128.66","2,327.84"
2012,Florida,"2,429.83","2,283.63","4,713.45","1,222.39","1,168.75","2,391.14"
2013,Florida,"2,503.29","2,435.03","4,938.32","1,248.06","1,220.18","2,468.24"
2014,Florida,"2,519.97","2,678.99","5,198.96","1,227.06","1,310.55","2,537.61"
2015,Florida,"2,499.92","2,936.95","5,436.87","1,203.26","1,396.80","2,600.06"
2016,Florida,"2,452.35","3,018.55","5,470.90","1,196.09","1,399.57","2,595.66"
2017,Florida,"2,513.19","3,173.00","5,686.19","1,228.21","1,437.63","2,665.84"
2018,Florida,"2,518.36","3,353.81","5,872.17","1,225.23","1,480.62","2,705.86"
2019,Florida,"2,575.75","3,539.91","6,115.66","1,242.20","1,515.98","2,758.18"
2020,Florida,"2,646.41","2,894.34","5,540.75","1,233.14","1,199.31","2,432.45"
1997,Georgia,"1,319.58","1,097.47","2,417.05",973.20,851.41,"1,824.61"
1998,Georgia,"1,307.36","1,151.00","2,458.36",946.23,870.21,"1,816.45"
1999,Georgia,"1,379.17","1,217.72","2,596.89",979.36,898.35,"1,877.72"
2000,Georgia,"1,426.14","1,283.19","2,709.33",990.40,924.81,"1,915.21"
2001,Georgia,"1,463.83","1,352.72","2,816.55",984.33,947.45,"1,931.78"
2002,Georgia,"1,435.26","1,414.88","2,850.14",953.03,966.53,"1,919.56"
2003,Georgia,"1,457.04","1,464.66","2,921.70",947.00,979.66,"1,926.65"
2004,Georgia,"1,635.94","1,526.91","3,162.86","1,024.44",991.88,"2,016.32"
2005,Georgia,"1,781.34","1,598.33","3,379.67","1,094.33","1,006.60","2,100.93"
2006,Georgia,"1,845.55","1,665.16","3,510.71","1,114.40","1,017.14","2,131.54"
2007,Georgia,"1,916.00","1,717.18","3,633.18","1,110.12","1,012.07","2,122.18"
2008,Georgia,"1,957.98","1,728.80","3,686.78","1,066.20",975.90,"2,042.10"
2009,Georgia,"1,951.42","1,675.45","3,626.88","1,057.70",914.00,"1,971.69"
2010,Georgia,"2,037.25","1,721.46","3,758.70","1,100.57",927.29,"2,027.86"
2011,Georgia,"2,107.18","1,796.28","3,903.46","1,086.19",945.49,"2,031.68"
2012,Georgia,"2,240.42","1,890.55","4,130.96","1,127.10",967.57,"2,094.67"
2013,Georgia,"2,195.54","1,981.02","4,176.56","1,094.63",992.68,"2,087.31"
2014,Georgia,"2,212.56","2,171.20","4,383.77","1,077.38","1,062.14","2,139.52"
2015,Georgia,"2,166.17","2,357.44","4,523.61","1,042.62","1,121.18","2,163.81"
2016,Georgia,"2,158.51","2,434.35","4,592.85","1,052.78","1,128.70","2,181.47"
2017,Georgia,"2,210.90","2,594.11","4,805.02","1,080.48","1,175.34","2,255.83"
2018,Georgia,"2,323.03","2,780.11","5,103.14","1,130.20","1,227.35","2,357.55"
2019,Georgia,"2,374.97","2,873.66","5,248.63","1,145.37","1,230.66","2,376.03"
2020,Georgia,"2,554.58","2,474.13","5,028.71","1,190.35","1,025.19","2,215.54"
1997,Hawaii,"1,251.13","1,903.02","3,154.15",922.72,"1,476.35","2,399.07"
1998,Hawaii,"1,278.55","1,897.15","3,175.70",925.38,"1,434.34","2,359.73"
1999,Hawaii,"1,403.33","1,948.37","3,351.70",996.52,"1,437.38","2,433.90"
2000,Hawaii,"1,413.31","2,060.29","3,473.61",981.49,"1,484.87","2,466.37"
2001,Hawaii,"1,425.57","2,102.45","3,528.02",958.60,"1,472.56","2,431.16"
2002,Hawaii,"1,445.93","2,094.36","3,540.29",960.11,"1,430.70","2,390.81"
2003,Hawaii,"1,454.54","2,191.81","3,646.36",945.37,"1,466.02","2,411.40"
2004,Hawaii,"1,490.84","2,276.49","3,767.33",933.58,"1,478.81","2,412.39"
2005,Hawaii,"1,539.08","2,298.52","3,837.60",945.51,"1,447.57","2,393.07"
2006,Hawaii,"1,542.95","2,394.21","3,937.16",931.68,"1,462.46","2,394.14"
2007,Hawaii,"1,607.94","2,474.90","4,082.83",931.63,"1,458.65","2,390.27"
2008,Hawaii,"1,675.93","2,524.06","4,199.99",912.61,"1,424.81","2,337.43"
2009,Hawaii,"1,557.60","2,397.73","3,955.33",844.24,"1,308.02","2,152.26"
2010,Hawaii,"1,633.58","2,417.85","4,051.43",882.50,"1,302.41","2,184.92"
2011,Hawaii,"1,659.86","2,576.61","4,236.47",855.61,"1,356.22","2,211.83"
2012,Hawaii,"1,762.95","2,691.97","4,454.92",886.90,"1,377.74","2,264.64"
2013,Hawaii,"1,832.17","2,715.57","4,547.74",913.47,"1,360.75","2,274.22"
2014,Hawaii,"1,866.93","2,807.67","4,674.60",909.08,"1,373.50","2,282.57"
2015,Hawaii,"1,907.35","3,051.19","4,958.54",918.05,"1,451.13","2,369.18"
2016,Hawaii,"1,963.93","3,291.37","5,255.30",957.87,"1,526.06","2,483.93"
2017,Hawaii,"2,098.30","3,461.75","5,560.04","1,025.45","1,568.45","2,593.90"
2018,Hawaii,"2,131.76","3,667.42","5,799.18","1,037.14","1,619.08","2,656.22"
2019,Hawaii,"2,209.63","3,860.90","6,070.52","1,065.63","1,653.45","2,719.08"
2020,Hawaii,"2,270.96","3,024.55","5,295.51","1,058.19","1,253.27","2,311.46"
1997,Idaho,"1,518.46",835.90,"2,354.36","1,119.88",648.49,"1,768.37"
1998,Idaho,"1,519.18",887.03,"2,406.21","1,099.54",670.64,"1,770.19"
1999,Idaho,"1,515.89",949.30,"2,465.18","1,076.44",700.33,"1,776.78"
2000,Idaho,"1,453.84",995.59,"2,449.44","1,009.64",717.54,"1,727.17"
2001,Idaho,"1,457.79","1,020.34","2,478.13",980.27,714.65,"1,694.91"
2002,Idaho,"1,462.96","1,040.22","2,503.18",971.42,710.59,"1,682.01"
2003,Idaho,"1,566.47","1,075.12","2,641.59","1,018.12",719.11,"1,737.23"
2004,Idaho,"1,734.90","1,146.53","2,881.43","1,086.41",744.79,"1,831.20"
2005,Idaho,"1,840.37","1,194.81","3,035.18","1,130.60",752.47,"1,883.07"
2006,Idaho,"1,913.83","1,225.45","3,139.28","1,155.63",748.54,"1,904.18"
2007,Idaho,"2,065.30","1,298.27","3,363.58","1,196.62",765.17,"1,961.80"
2008,Idaho,"2,115.88","1,280.63","3,396.51","1,152.19",722.90,"1,875.09"
2009,Idaho,"2,094.29","1,237.53","3,331.82","1,135.13",675.10,"1,810.23"
2010,Idaho,"2,059.47","1,241.30","3,300.78","1,112.58",668.65,"1,781.23"
2011,Idaho,"2,123.52","1,310.55","3,434.07","1,094.61",689.82,"1,784.43"
2012,Idaho,"2,305.52","1,361.51","3,667.03","1,159.85",696.81,"1,856.67"
2013,Idaho,"2,223.77","1,449.36","3,673.13","1,108.70",726.27,"1,834.97"
2014,Idaho,"2,228.28","1,572.32","3,800.60","1,085.03",769.17,"1,854.20"
2015,Idaho,"2,267.37","1,703.34","3,970.71","1,091.33",810.10,"1,901.43"
2016,Idaho,"2,266.87","1,950.89","4,217.76","1,105.63",904.54,"2,010.17"
2017,Idaho,"2,247.96","2,060.78","4,308.73","1,098.59",933.70,"2,032.29"
2018,Idaho,"2,283.00","2,220.68","4,503.68","1,110.72",980.38,"2,091.10"
2019,Idaho,"2,309.06","2,250.11","4,559.17","1,113.58",963.62,"2,077.20"
2020,Idaho,"2,307.33","1,855.49","4,162.82","1,075.14",768.85,"1,843.99"
1997,Illinois,"1,460.13","1,103.34","2,563.47","1,076.86",855.96,"1,932.82"
1998,Illinois,"1,491.51","1,133.12","2,624.63","1,079.52",856.70,"1,936.22"
1999,Illinois,"1,611.99","1,160.50","2,772.50","1,144.69",856.14,"2,000.84"
2000,Illinois,"1,670.10","1,198.04","2,868.14","1,159.82",863.44,"2,023.26"
2001,Illinois,"1,723.20","1,225.00","2,948.20","1,158.74",857.99,"2,016.73"
2002,Illinois,"1,812.70","1,270.40","3,083.11","1,203.65",867.84,"2,071.49"
2003,Illinois,"1,755.14","1,338.72","3,093.86","1,140.74",895.42,"2,036.17"
2004,Illinois,"1,758.88","1,411.84","3,170.72","1,101.42",917.13,"2,018.55"
2005,Illinois,"1,795.85","1,488.83","3,284.68","1,103.25",937.64,"2,040.89"
2006,Illinois,"1,858.46","1,569.69","3,428.14","1,122.20",958.82,"2,081.01"
2007,Illinois,"1,940.47","1,649.96","3,590.44","1,124.30",972.45,"2,096.75"
2008,Illinois,"2,029.20","1,705.35","3,734.54","1,104.98",962.65,"2,067.64"
2009,Illinois,"1,922.38","1,671.89","3,594.28","1,041.96",912.06,"1,954.01"
2010,Illinois,"1,922.58","1,711.10","3,633.68","1,038.62",921.71,"1,960.34"
2011,Illinois,"2,070.50","1,795.34","3,865.83","1,067.28",944.99,"2,012.27"
2012,Illinois,"2,181.47","1,905.10","4,086.57","1,097.45",975.02,"2,072.47"
2013,Illinois,"2,158.69","2,006.03","4,164.71","1,076.26","1,005.21","2,081.46"
2014,Illinois,"2,093.22","2,111.80","4,205.02","1,019.27","1,033.08","2,052.35"
2015,Illinois,"2,060.20","2,306.62","4,366.83",991.62,"1,097.02","2,088.63"
2016,Illinois,"2,038.47","2,429.27","4,467.74",994.23,"1,126.35","2,120.57"
2017,Illinois,"2,057.81","2,582.40","4,640.20","1,005.66","1,170.04","2,175.70"
2018,Illinois,"2,119.80","2,695.18","4,814.98","1,031.33","1,189.85","2,221.18"
2019,Illinois,"2,191.84","2,822.93","5,014.77","1,057.05","1,208.93","2,265.98"
2020,Illinois,"2,363.31","2,511.84","4,875.14","1,101.22","1,040.82","2,142.04"
1997,Indiana,"1,258.34","1,075.83","2,334.17",928.03,834.63,"1,762.66"
1998,Indiana,"1,263.12","1,093.03","2,356.15",914.21,826.39,"1,740.60"
1999,Indiana,"1,337.55","1,143.06","2,480.61",949.81,843.28,"1,793.08"
2000,Indiana,"1,330.82","1,180.12","2,510.95",924.21,850.53,"1,774.73"
2001,Indiana,"1,318.97","1,190.30","2,509.27",886.92,833.69,"1,720.61"
2002,Indiana,"1,373.89","1,229.83","2,603.72",912.28,840.12,"1,752.40"
2003,Indiana,"1,489.94","1,293.70","2,783.64",968.38,865.31,"1,833.68"
2004,Indiana,"1,544.20","1,351.52","2,895.72",966.99,877.95,"1,844.94"
2005,Indiana,"1,652.54","1,400.87","3,053.41","1,015.21",882.24,"1,897.45"
2006,Indiana,"1,788.64","1,461.66","3,250.30","1,080.04",892.83,"1,972.87"
2007,Indiana,"1,882.12","1,522.35","3,404.47","1,090.49",897.24,"1,987.73"
2008,Indiana,"1,907.57","1,562.58","3,470.16","1,038.75",882.07,"1,920.82"
2009,Indiana,"1,814.88","1,554.57","3,369.45",983.69,848.05,"1,831.74"
2010,Indiana,"1,848.47","1,557.99","3,406.45",998.59,839.23,"1,837.82"
2011,Indiana,"1,885.38","1,612.21","3,497.59",971.86,848.60,"1,820.46"
2012,Indiana,"2,013.26","1,679.01","3,692.27","1,012.82",859.31,"1,872.13"
2013,Indiana,"2,050.71","1,766.28","3,816.99","1,022.42",885.07,"1,907.49"
2014,Indiana,"2,171.70","1,884.88","4,056.59","1,057.48",922.07,"1,979.56"
2015,Indiana,"2,184.03","2,044.71","4,228.74","1,051.22",972.45,"2,023.67"
2016,Indiana,"2,238.86","2,170.12","4,408.98","1,091.96","1,006.19","2,098.15"
2017,Indiana,"2,348.49","2,286.47","4,634.96","1,147.72","1,035.96","2,183.68"
2018,Indiana,"2,443.02","2,429.40","4,872.41","1,188.58","1,072.52","2,261.10"
2019,Indiana,"2,514.67","2,526.05","5,040.72","1,212.74","1,081.80","2,294.54"
2020,Indiana,"2,660.62","2,204.57","4,865.20","1,239.76",913.50,"2,153.26"
1997,Iowa,"1,593.64",894.47,"2,488.12","1,175.33",693.93,"1,869.25"
1998,Iowa,"1,628.64",928.17,"2,556.82","1,178.77",701.75,"1,880.52"
1999,Iowa,"1,700.63",960.00,"2,660.63","1,207.63",708.23,"1,915.86"
2000,Iowa,"1,661.47","1,016.73","2,678.20","1,153.83",732.77,"1,886.60"
2001,Iowa,"1,705.99","1,070.55","2,776.54","1,147.16",749.82,"1,896.98"
2002,Iowa,"1,698.63","1,098.51","2,797.14","1,127.91",750.42,"1,878.32"
2003,Iowa,"1,747.32","1,156.41","2,903.73","1,135.66",773.48,"1,909.14"
2004,Iowa,"1,879.60","1,235.83","3,115.43","1,177.02",802.80,"1,979.82"
2005,Iowa,"1,989.52","1,279.06","3,268.57","1,222.22",805.53,"2,027.75"
2006,Iowa,"2,085.42","1,340.48","3,425.90","1,259.24",818.81,"2,078.05"
2007,Iowa,"2,202.98","1,397.07","3,600.06","1,276.39",823.40,"2,099.80"
2008,Iowa,"2,131.67","1,418.84","3,550.51","1,160.78",800.92,"1,961.71"
2009,Iowa,"2,031.56","1,376.92","3,408.48","1,101.13",751.14,"1,852.27"
2010,Iowa,"1,996.97","1,402.38","3,399.35","1,078.81",755.41,"1,834.23"
2011,Iowa,"2,042.47","1,475.52","3,517.99","1,052.83",776.65,"1,829.49"
2012,Iowa,"2,139.84","1,554.46","3,694.29","1,076.50",795.56,"1,872.06"
2013,Iowa,"2,191.64","1,639.38","3,831.03","1,092.69",821.49,"1,914.17"
2014,Iowa,"2,257.03","1,778.42","4,035.44","1,099.03",869.99,"1,969.02"
2015,Iowa,"2,273.84","1,914.06","4,187.90","1,094.45",910.32,"2,004.76"
2016,Iowa,"2,385.93","2,105.03","4,490.97","1,163.70",976.01,"2,139.71"
2017,Iowa,"2,512.66","2,279.59","4,792.26","1,227.96","1,032.84","2,260.80"
2018,Iowa,"2,955.85","2,479.05","5,434.90","1,438.08","1,094.44","2,532.52"
2019,Iowa,"3,103.82","2,575.28","5,679.10","1,496.87","1,102.88","2,599.74"
2020,Iowa,"3,495.90","2,202.47","5,698.37","1,628.97",912.63,"2,541.60"
1997,Kansas,"1,374.84","1,001.17","2,376.00","1,013.95",776.70,"1,790.66"
1998,Kansas,"1,380.71","1,054.76","2,435.47",999.32,797.46,"1,796.78"
1999,Kansas,"1,450.99","1,100.89","2,551.88","1,030.36",812.17,"1,842.53"
2000,Kansas,"1,480.81","1,159.73","2,640.54","1,028.37",835.83,"1,864.20"
2001,Kansas,"1,540.83","1,202.71","2,743.55","1,036.11",842.38,"1,878.49"
2002,Kansas,"1,459.37","1,272.25","2,731.62",969.04,869.10,"1,838.14"
2003,Kansas,"1,607.76","1,343.29","2,951.04","1,044.95",898.48,"1,943.43"
2004,Kansas,"1,714.30","1,351.38","3,065.68","1,073.51",877.86,"1,951.36"
2005,Kansas,"1,874.72","1,384.82","3,259.54","1,151.70",872.13,"2,023.83"
2006,Kansas,"1,970.60","1,444.72","3,415.32","1,189.91",882.48,"2,072.40"
2007,Kansas,"2,033.15","1,504.35","3,537.50","1,178.00",886.63,"2,064.62"
2008,Kansas,"2,060.09","1,542.57","3,602.66","1,121.81",870.77,"1,992.57"
2009,Kansas,"1,973.17","1,482.56","3,455.72","1,069.48",808.77,"1,878.25"
2010,Kansas,"1,967.19","1,498.00","3,465.19","1,062.73",806.92,"1,869.65"
2011,Kansas,"2,036.81","1,581.11","3,617.92","1,049.92",832.23,"1,882.15"
2012,Kansas,"2,165.04","1,678.93","3,843.97","1,089.18",859.27,"1,948.45"
2013,Kansas,"2,234.48","1,774.64","4,009.12","1,114.04",889.26,"2,003.31"
2014,Kansas,"2,357.90","1,867.58","4,225.48","1,148.15",913.61,"2,061.76"
2015,Kansas,"2,386.18","1,992.42","4,378.60","1,148.52",947.58,"2,096.10"
2016,Kansas,"2,432.58","2,089.02","4,521.61","1,186.45",968.59,"2,155.04"
2017,Kansas,"2,544.60","2,243.21","4,787.81","1,243.56","1,016.35","2,259.92"
2018,Kansas,"2,637.50","2,380.67","5,018.17","1,283.20","1,051.01","2,334.20"
2019,Kansas,"2,761.85","2,464.09","5,225.93","1,331.95","1,055.26","2,387.20"
2020,Kansas,"2,951.07","2,098.85","5,049.93","1,375.10",869.69,"2,244.79"
1997,Kentucky,"1,331.47","1,075.00","2,406.47",981.97,833.98,"1,815.95"
1998,Kentucky,"1,384.80","1,100.27","2,485.07","1,002.28",831.86,"1,834.15"
1999,Kentucky,"1,495.89","1,146.14","2,642.03","1,062.25",845.55,"1,907.79"
2000,Kentucky,"1,510.75","1,143.20","2,653.96","1,049.16",823.92,"1,873.08"
2001,Kentucky,"1,544.51","1,160.67","2,705.17","1,038.58",812.94,"1,851.51"
2002,Kentucky,"1,547.19","1,185.70","2,732.89","1,027.35",809.97,"1,837.32"
2003,Kentucky,"1,653.71","1,237.99","2,891.70","1,074.82",828.05,"1,902.87"
2004,Kentucky,"1,807.84","1,314.77","3,122.60","1,132.08",854.07,"1,986.15"
2005,Kentucky,"1,935.68","1,393.17","3,328.85","1,189.15",877.39,"2,066.54"
2006,Kentucky,"2,056.92","1,466.49","3,523.41","1,242.03",895.78,"2,137.82"
2007,Kentucky,"2,163.54","1,514.64","3,678.18","1,253.54",892.69,"2,146.23"
2008,Kentucky,"2,195.04","1,512.41","3,707.46","1,195.29",853.75,"2,049.04"
2009,Kentucky,"2,065.93","1,494.99","3,560.92","1,119.76",815.55,"1,935.31"
2010,Kentucky,"2,115.37","1,531.59","3,646.97","1,142.78",825.02,"1,967.80"
2011,Kentucky,"2,202.65","1,619.59","3,822.24","1,135.40",852.49,"1,987.89"
2012,Kentucky,"2,343.41","1,709.81","4,053.22","1,178.91",875.07,"2,053.98"
2013,Kentucky,"2,337.10","1,804.36","4,141.46","1,165.21",904.16,"2,069.36"
2014,Kentucky,"2,371.34","1,963.06","4,334.40","1,154.69",960.32,"2,115.01"
2015,Kentucky,"2,391.68","2,085.64","4,477.32","1,151.17",991.91,"2,143.08"
2016,Kentucky,"2,427.28","2,218.30","4,645.58","1,183.87","1,028.53","2,212.39"
2017,Kentucky,"2,491.52","2,317.05","4,808.57","1,217.62","1,049.81","2,267.43"
2018,Kentucky,"2,564.17","2,401.98","4,966.14","1,247.52","1,060.41","2,307.93"
2019,Kentucky,"2,632.93","2,495.63","5,128.56","1,269.77","1,068.76","2,338.54"
2020,Kentucky,"2,774.59","2,138.80","4,913.39","1,292.86",886.24,"2,179.11"
1997,Louisiana,"1,569.11","1,041.92","2,611.03","1,157.23",808.32,"1,965.55"
1998,Louisiana,"1,534.99","1,103.40","2,638.39","1,110.99",834.23,"1,945.22"
1999,Louisiana,"1,540.33","1,148.80","2,689.12","1,093.80",847.51,"1,941.31"
2000,Louisiana,"1,386.47","1,232.62","2,619.09",962.85,888.36,"1,851.21"
2001,Louisiana,"1,404.74","1,246.85","2,651.59",944.59,873.29,"1,817.89"
2002,Louisiana,"1,399.89","1,261.20","2,661.10",929.54,861.55,"1,791.09"
2003,Louisiana,"1,479.99","1,332.54","2,812.53",961.91,891.29,"1,853.20"
2004,Louisiana,"1,577.13","1,431.69","3,008.81",987.61,930.02,"1,917.63"
2005,Louisiana,"1,715.24","1,533.14","3,248.39","1,053.73",965.55,"2,019.27"
2006,Louisiana,"1,972.47","1,740.00","3,712.47","1,191.04","1,062.85","2,253.89"
2007,Louisiana,"1,997.25","1,791.75","3,789.00","1,157.20","1,056.02","2,213.21"
2008,Louisiana,"2,058.72","1,786.62","3,845.34","1,121.06","1,008.53","2,129.59"
2009,Louisiana,"1,879.64","1,700.08","3,579.72","1,018.79",927.43,"1,946.22"
2010,Louisiana,"1,980.83","1,770.31","3,751.14","1,070.09",953.61,"2,023.70"
2011,Louisiana,"2,107.14","1,860.67","3,967.81","1,086.17",979.38,"2,065.55"
2012,Louisiana,"2,261.56","1,976.00","4,237.57","1,137.74","1,011.31","2,149.05"
2013,Louisiana,"2,197.94","2,067.88","4,265.82","1,095.82","1,036.20","2,132.03"
2014,Louisiana,"2,242.46","2,266.37","4,508.84","1,091.94","1,108.70","2,200.63"
2015,Louisiana,"2,168.72","2,425.60","4,594.33","1,043.85","1,153.60","2,197.45"
2016,Louisiana,"2,145.52","2,534.69","4,680.22","1,046.44","1,175.23","2,221.67"
2017,Louisiana,"2,176.59","2,662.10","4,838.69","1,063.71","1,206.15","2,269.86"
2018,Louisiana,"2,309.29","2,826.50","5,135.79","1,123.52","1,247.83","2,371.35"
2019,Louisiana,"2,300.22","2,886.63","5,186.85","1,109.32","1,236.21","2,345.53"
2020,Louisiana,"2,401.75","2,442.80","4,844.55","1,119.13","1,012.21","2,131.34"
1997,Maine,"1,800.03","1,170.45","2,970.48","1,327.54",908.03,"2,235.57"
1998,Maine,"1,865.80","1,233.57","3,099.37","1,350.42",932.64,"2,283.06"
1999,Maine,"1,979.46","1,279.92","3,259.38","1,405.63",944.24,"2,349.87"
2000,Maine,"2,148.97","1,328.16","3,477.13","1,492.38",957.22,"2,449.59"
2001,Maine,"2,175.29","1,399.46","3,574.75","1,462.74",980.19,"2,442.93"
2002,Maine,"2,199.74","1,428.91","3,628.65","1,460.65",976.11,"2,436.76"
2003,Maine,"2,157.58","1,421.21","3,578.80","1,402.31",950.60,"2,352.91"
2004,Maine,"2,176.07","1,516.30","3,692.37","1,362.68",984.99,"2,347.66"
2005,Maine,"2,298.85","1,513.78","3,812.63","1,412.25",953.35,"2,365.61"
2006,Maine,"2,365.63","1,603.53","3,969.16","1,428.44",979.49,"2,407.93"
2007,Maine,"2,512.74","1,675.56","4,188.30","1,455.86",987.54,"2,443.40"
2008,Maine,"2,566.52","1,689.20","4,255.72","1,397.58",953.54,"2,351.12"
2009,Maine,"2,435.12","1,581.09","4,016.21","1,319.87",862.52,"2,182.39"
2010,Maine,"2,430.66","1,608.91","4,039.58","1,313.11",866.67,"2,179.77"
2011,Maine,"2,532.67","1,675.74","4,208.41","1,305.52",882.04,"2,187.56"
2012,Maine,"2,691.82","1,779.71","4,471.52","1,354.19",910.85,"2,265.03"
2013,Maine,"2,790.62","1,898.56","4,689.18","1,391.32",951.36,"2,342.68"
2014,Maine,"2,938.46","2,075.75","5,014.21","1,430.85","1,015.45","2,446.29"
2015,Maine,"2,985.07","2,268.13","5,253.20","1,436.78","1,078.71","2,515.49"
2016,Maine,"3,085.09","2,431.28","5,516.37","1,504.70","1,127.27","2,631.98"
2017,Maine,"3,344.51","2,659.04","6,003.55","1,634.48","1,204.76","2,839.25"
2018,Maine,"3,457.56","2,752.70","6,210.25","1,682.17","1,215.25","2,897.42"
2019,Maine,"3,586.62","2,899.81","6,486.43","1,729.71","1,241.86","2,971.57"
2020,Maine,"3,806.15","2,424.73","6,230.88","1,773.54","1,004.72","2,778.26"
1997,Maryland,"1,602.12","1,072.02","2,674.14","1,181.58",831.67,"2,013.25"
1998,Maryland,"1,592.57","1,118.74","2,711.31","1,152.66",845.83,"1,998.49"
1999,Maryland,"1,657.41","1,157.74","2,815.16","1,176.94",854.11,"2,031.05"
2000,Maryland,"1,672.04","1,192.74","2,864.78","1,161.17",859.62,"2,020.79"
2001,Maryland,"1,701.56","1,223.60","2,925.15","1,144.18",857.01,"2,001.19"
2002,Maryland,"1,707.27","1,274.38","2,981.65","1,133.64",870.55,"2,004.19"
2003,Maryland,"1,786.62","1,376.22","3,162.84","1,161.21",920.50,"2,081.71"
2004,Maryland,"1,881.43","1,481.35","3,362.77","1,178.16",962.28,"2,140.45"
2005,Maryland,"1,974.31","1,580.09","3,554.40","1,212.88",995.11,"2,207.99"
2006,Maryland,"2,050.26","1,677.88","3,728.13","1,238.01","1,024.90","2,262.91"
2007,Maryland,"2,224.06","1,777.70","4,001.75","1,288.60","1,047.73","2,336.34"
2008,Maryland,"2,356.22","1,850.06","4,206.28","1,283.06","1,044.35","2,327.41"
2009,Maryland,"2,234.19","1,794.87","4,029.06","1,210.96",979.14,"2,190.10"
2010,Maryland,"2,222.50","1,802.96","4,025.46","1,200.65",971.19,"2,171.84"
2011,Maryland,"2,357.00","1,905.09","4,262.09","1,214.97","1,002.76","2,217.73"
2012,Maryland,"2,426.29","2,001.48","4,427.77","1,220.61","1,024.35","2,244.95"
2013,Maryland,"2,382.65","2,094.46","4,477.10","1,187.92","1,049.52","2,237.44"
2014,Maryland,"2,489.51","2,292.95","4,782.46","1,212.23","1,121.70","2,333.93"
2015,Maryland,"2,481.90","2,490.90","4,972.80","1,194.59","1,184.65","2,379.25"
2016,Maryland,"2,557.29","2,703.09","5,260.38","1,247.28","1,253.30","2,500.58"
2017,Maryland,"2,541.61","2,866.58","5,408.19","1,242.10","1,298.79","2,540.90"
2018,Maryland,"2,621.22","3,034.88","5,656.10","1,275.28","1,339.83","2,615.10"
2019,Maryland,"2,708.82","3,107.91","5,816.73","1,306.38","1,330.98","2,637.35"
2020,Maryland,"2,925.45","2,608.63","5,534.08","1,363.16","1,080.92","2,444.08"
1997,Massachusetts,"1,324.37","1,166.88","2,491.25",976.73,905.26,"1,881.99"
1998,Massachusetts,"1,320.91","1,220.71","2,541.62",956.04,922.92,"1,878.96"
1999,Massachusetts,"1,383.99","1,259.47","2,643.46",982.78,929.16,"1,911.94"
2000,Massachusetts,"1,397.44","1,317.34","2,714.78",970.47,949.42,"1,919.89"
2001,Massachusetts,"1,520.52","1,356.60","2,877.11","1,022.45",950.16,"1,972.61"
2002,Massachusetts,"1,530.88","1,403.38","2,934.27","1,016.52",958.68,"1,975.20"
2003,Massachusetts,"1,564.52","1,482.10","3,046.61","1,016.85",991.32,"2,008.17"
2004,Massachusetts,"1,640.92","1,580.04","3,220.96","1,027.56","1,026.39","2,053.95"
2005,Massachusetts,"1,700.98","1,668.16","3,369.14","1,044.96","1,050.58","2,095.54"
2006,Massachusetts,"1,743.85","1,777.79","3,521.64","1,052.99","1,085.93","2,138.93"
2007,Massachusetts,"1,840.48","1,861.73","3,702.21","1,066.36","1,097.26","2,163.62"
2008,Massachusetts,"1,936.41","1,897.18","3,833.58","1,054.45","1,070.94","2,125.40"
2009,Massachusetts,"1,876.20","1,855.07","3,731.27","1,016.93","1,011.98","2,028.91"
2010,Massachusetts,"1,904.55","1,882.51","3,787.05","1,028.88","1,014.04","2,042.93"
2011,Massachusetts,"1,960.63","1,982.74","3,943.37","1,010.65","1,043.63","2,054.28"
2012,Massachusetts,"2,073.55","2,084.40","4,157.95","1,043.16","1,066.78","2,109.94"
2013,Massachusetts,"2,131.67","2,190.98","4,322.65","1,062.79","1,097.89","2,160.67"
2014,Massachusetts,"2,234.65","2,311.68","4,546.32","1,088.13","1,130.86","2,218.99"
2015,Massachusetts,"2,269.09","2,534.62","4,803.71","1,092.16","1,205.45","2,297.61"
2016,Massachusetts,"2,334.96","2,676.81","5,011.77","1,138.84","1,241.12","2,379.96"
2017,Massachusetts,"2,428.87","2,833.20","5,262.07","1,187.01","1,283.67","2,470.68"
2018,Massachusetts,"2,457.45","2,948.50","5,405.94","1,195.60","1,301.69","2,497.29"
2019,Massachusetts,"2,550.27","3,023.29","5,573.56","1,229.91","1,294.74","2,524.65"
2020,Massachusetts,"2,673.69","2,557.01","5,230.70","1,245.85","1,059.53","2,305.38"
1997,Michigan,"1,192.92",979.33,"2,172.25",879.78,759.76,"1,639.55"
1998,Michigan,"1,239.68","1,006.39","2,246.07",897.24,760.88,"1,658.13"
1999,Michigan,"1,311.80","1,033.39","2,345.19",931.52,762.37,"1,693.89"
2000,Michigan,"1,352.72","1,067.11","2,419.83",939.41,769.08,"1,708.49"
2001,Michigan,"1,397.29","1,080.78","2,478.08",939.59,756.98,"1,696.57"
2002,Michigan,"1,408.10","1,107.97","2,516.07",934.99,756.88,"1,691.87"
2003,Michigan,"1,466.42","1,159.20","2,625.62",953.09,775.35,"1,728.44"
2004,Michigan,"1,457.59","1,235.77","2,693.37",912.76,802.76,"1,715.52"
2005,Michigan,"1,479.72","1,289.16","2,768.88",909.04,811.89,"1,720.93"
2006,Michigan,"1,536.65","1,345.29","2,881.94",927.88,821.75,"1,749.63"
2007,Michigan,"1,600.93","1,422.37","3,023.30",927.57,838.31,"1,765.88"
2008,Michigan,"1,632.58","1,465.96","3,098.54",889.01,827.52,"1,716.53"
2009,Michigan,"1,618.47","1,442.65","3,061.13",877.23,787.00,"1,664.23"
2010,Michigan,"1,674.27","1,475.41","3,149.68",904.48,794.76,"1,699.24"
2011,Michigan,"1,733.10","1,546.64","3,279.73",893.36,814.09,"1,707.45"
2012,Michigan,"1,863.95","1,627.83","3,491.78",937.71,833.12,"1,770.83"
2013,Michigan,"1,922.03","1,710.55","3,632.59",958.27,857.15,"1,815.42"
2014,Michigan,"2,044.71","1,793.21","3,837.92",995.65,877.23,"1,872.87"
2015,Michigan,"2,099.61","1,941.39","4,041.00","1,010.59",923.31,"1,933.90"
2016,Michigan,"2,172.11","2,061.08","4,233.19","1,059.41",955.63,"2,015.04"
2017,Michigan,"2,276.86","2,185.04","4,461.90","1,112.71",990.00,"2,102.71"
2018,Michigan,"2,330.16","2,282.34","4,612.50","1,133.67","1,007.60","2,141.27"
2019,Michigan,"2,406.50","2,335.44","4,741.94","1,160.58","1,000.16","2,160.74"
2020,Michigan,"2,496.26","1,979.61","4,475.87","1,163.17",820.28,"1,983.45"
1997,Minnesota,"1,509.67","1,042.46","2,552.13","1,113.39",808.74,"1,922.13"
1998,Minnesota,"1,499.23","1,073.67","2,572.90","1,085.10",811.75,"1,896.85"
1999,Minnesota,"1,597.87","1,146.18","2,744.05","1,134.66",845.58,"1,980.24"
2000,Minnesota,"1,596.07","1,180.43","2,776.50","1,108.41",850.75,"1,959.15"
2001,Minnesota,"1,652.62","1,220.00","2,872.63","1,111.28",854.49,"1,965.77"
2002,Minnesota,"1,603.45","1,262.19","2,865.64","1,064.71",862.23,"1,926.93"
2003,Minnesota,"1,697.52","1,313.41","3,010.93","1,103.30",878.49,"1,981.78"
2004,Minnesota,"1,693.11","1,359.50","3,052.61","1,060.24",883.13,"1,943.37"
2005,Minnesota,"1,792.30","1,401.43","3,193.73","1,101.07",882.60,"1,983.66"
2006,Minnesota,"1,806.51","1,455.42","3,261.93","1,090.83",889.02,"1,979.84"
2007,Minnesota,"1,892.85","1,517.29","3,410.14","1,096.71",894.26,"1,990.96"
2008,Minnesota,"2,083.26","1,542.44","3,625.71","1,134.42",870.70,"2,005.12"
2009,Minnesota,"2,050.35","1,526.30","3,576.65","1,111.32",832.63,"1,943.95"
2010,Minnesota,"2,091.71","1,541.23","3,632.95","1,129.99",830.21,"1,960.21"
2011,Minnesota,"2,229.48","1,641.82","3,871.30","1,149.23",864.18,"2,013.42"
2012,Minnesota,"2,418.78","1,729.67","4,148.45","1,216.83",885.24,"2,102.07"
2013,Minnesota,"2,350.37","1,816.39","4,166.76","1,171.83",910.18,"2,082.01"
2014,Minnesota,"2,375.71","1,952.20","4,327.90","1,156.82",955.00,"2,111.82"
2015,Minnesota,"2,319.40","2,108.39","4,427.79","1,116.38","1,002.74","2,119.11"
2016,Minnesota,"2,339.79","2,269.92","4,609.71","1,141.19","1,052.46","2,193.66"
2017,Minnesota,"2,453.35","2,382.17","4,835.53","1,198.97","1,079.32","2,278.29"
2018,Minnesota,"2,509.50","2,539.75","5,049.25","1,220.93","1,121.24","2,342.16"
2019,Minnesota,"2,609.41","2,701.10","5,310.51","1,258.43","1,156.76","2,415.19"
2020,Minnesota,"2,793.61","2,172.61","4,966.22","1,301.73",900.25,"2,201.98"
1997,Mississippi,"1,262.23",805.37,"2,067.59",930.90,624.80,"1,555.70"
1998,Mississippi,"1,292.21",853.43,"2,145.64",935.26,645.24,"1,580.50"
1999,Mississippi,"1,367.32",893.29,"2,260.61",970.95,659.01,"1,629.96"
2000,Mississippi,"1,430.98",964.90,"2,395.88",993.76,695.41,"1,689.17"
2001,Mississippi,"1,447.47",976.21,"2,423.68",973.33,683.74,"1,657.07"
2002,Mississippi,"1,463.25",999.60,"2,462.85",971.61,682.85,"1,654.46"
2003,Mississippi,"1,516.20","1,038.24","2,554.44",985.45,694.44,"1,679.89"
2004,Mississippi,"1,592.48","1,126.52","2,719.01",997.23,731.79,"1,729.02"
2005,Mississippi,"1,705.80","1,175.14","2,880.94","1,047.92",740.08,"1,788.01"
2006,Mississippi,"1,813.18","1,236.88","3,050.06","1,094.86",755.53,"1,850.38"
2007,Mississippi,"1,818.02","1,277.84","3,095.85","1,053.35",753.13,"1,806.47"
2008,Mississippi,"1,790.88","1,294.34","3,085.23",975.21,730.65,"1,705.86"
2009,Mississippi,"1,677.25","1,251.35","2,928.60",909.09,682.64,"1,591.73"
2010,Mississippi,"1,761.01","1,268.16","3,029.18",951.34,683.12,"1,634.46"
2011,Mississippi,"1,810.71","1,344.32","3,155.02",933.37,707.59,"1,640.96"
2012,Mississippi,"1,920.40","1,417.54","3,337.94",966.11,725.49,"1,691.60"
2013,Mississippi,"1,896.67","1,484.53","3,381.20",945.62,743.89,"1,689.51"
2014,Mississippi,"1,892.53","1,621.27","3,513.80",921.54,793.11,"1,714.66"
2015,Mississippi,"1,877.84","1,756.34","3,634.19",903.84,835.31,"1,739.15"
2016,Mississippi,"1,898.00","1,843.43","3,741.43",925.72,854.72,"1,780.43"
2017,Mississippi,"1,950.68","1,936.30","3,886.98",953.31,877.30,"1,830.61"
2018,Mississippi,"2,010.82","2,038.81","4,049.63",978.30,900.08,"1,878.39"
2019,Mississippi,"2,007.84","2,030.08","4,037.92",968.32,869.39,"1,837.71"
2020,Mississippi,"2,141.05","1,791.01","3,932.07",997.66,742.13,"1,739.79"
1997,Missouri,"1,352.44","1,096.87","2,449.31",997.43,850.95,"1,848.39"
1998,Missouri,"1,334.47","1,149.84","2,484.31",965.85,869.34,"1,835.19"
1999,Missouri,"1,358.54","1,275.86","2,634.40",964.71,941.25,"1,905.96"
2000,Missouri,"1,354.48","1,273.46","2,627.93",940.63,917.79,"1,858.43"
2001,Missouri,"1,391.32","1,282.08","2,673.41",935.57,897.97,"1,833.55"
2002,Missouri,"1,383.03","1,291.30","2,674.33",918.34,882.11,"1,800.46"
2003,Missouri,"1,493.41","1,344.18","2,837.60",970.63,899.08,"1,869.71"
2004,Missouri,"1,587.96","1,391.05","2,979.01",994.39,903.63,"1,898.02"
2005,Missouri,"1,719.22","1,453.57","3,172.78","1,056.17",915.43,"1,971.60"
2006,Missouri,"1,783.51","1,525.39","3,308.90","1,076.94",931.76,"2,008.70"
2007,Missouri,"1,872.95","1,599.36","3,472.31","1,085.17",942.63,"2,027.80"
2008,Missouri,"1,873.61","1,612.89","3,486.50","1,020.26",910.46,"1,930.72"
2009,Missouri,"1,764.17","1,605.43","3,369.60",956.20,875.80,"1,832.00"
2010,Missouri,"1,793.78","1,618.00","3,411.78",969.04,871.56,"1,840.61"
2011,Missouri,"1,879.60","1,698.52","3,578.12",968.88,894.03,"1,862.91"
2012,Missouri,"2,005.65","1,813.53","3,819.18","1,008.99",928.16,"1,937.15"
2013,Missouri,"2,051.30","1,918.75","3,970.06","1,022.72",961.48,"1,984.19"
2014,Missouri,"2,120.61","2,052.97","4,173.58","1,032.60","1,004.30","2,036.91"
2015,Missouri,"2,210.02","2,202.31","4,412.33","1,063.73","1,047.40","2,111.13"
2016,Missouri,"2,287.04","2,332.57","4,619.61","1,115.46","1,081.51","2,196.97"
2017,Missouri,"2,421.38","2,468.43","4,889.81","1,183.34","1,118.40","2,301.74"
2018,Missouri,"2,598.79","2,616.36","5,215.15","1,264.36","1,155.06","2,419.42"
2019,Missouri,"2,583.66","2,649.86","5,233.52","1,246.01","1,134.81","2,380.83"
2020,Missouri,"2,814.45","2,279.76","5,094.21","1,311.44",944.65,"2,256.09"
1997,Montana,"1,593.51",899.99,"2,493.50","1,175.22",698.21,"1,873.43"
1998,Montana,"1,619.57",960.83,"2,580.40","1,172.20",726.44,"1,898.64"
1999,Montana,"1,584.60","1,012.98","2,597.58","1,125.24",747.31,"1,872.55"
2000,Montana,"1,536.02","1,055.80","2,591.82","1,066.71",760.92,"1,827.63"
2001,Montana,"1,511.78","1,090.33","2,602.11","1,016.57",763.67,"1,780.24"
2002,Montana,"1,695.68","1,123.29","2,818.97","1,125.95",767.34,"1,893.29"
2003,Montana,"1,845.50","1,193.03","3,038.54","1,199.48",797.98,"1,997.45"
2004,Montana,"1,979.59","1,277.99","3,257.58","1,239.64",830.18,"2,069.82"
2005,Montana,"2,084.06","1,345.31","3,429.37","1,280.30",847.25,"2,127.55"
2006,Montana,"2,163.34","1,413.09","3,576.44","1,306.30",863.16,"2,169.46"
2007,Montana,"2,336.40","1,477.60","3,814.00","1,353.69",870.87,"2,224.56"
2008,Montana,"2,447.00","1,492.60","3,939.60","1,332.49",842.56,"2,175.06"
2009,Montana,"2,150.88","1,399.39","3,550.28","1,165.81",763.40,"1,929.21"
2010,Montana,"2,149.74","1,419.67","3,569.41","1,161.34",764.73,"1,926.07"
2011,Montana,"2,247.58","1,508.93","3,756.51","1,158.56",794.24,"1,952.80"
2012,Montana,"2,317.99","1,601.03","3,919.02","1,166.13",819.40,"1,985.52"
2013,Montana,"2,366.83","1,682.32","4,049.14","1,180.03",843.00,"2,023.03"
2014,Montana,"2,499.92","1,823.28","4,323.20","1,217.30",891.94,"2,109.24"
2015,Montana,"2,515.49","1,938.94","4,454.43","1,210.76",922.15,"2,132.91"
2016,Montana,"2,579.85","2,100.60","4,680.45","1,258.28",973.96,"2,232.24"
2017,Montana,"2,608.51","2,249.01","4,857.52","1,274.80","1,018.98","2,293.78"
2018,Montana,"2,685.02","2,372.07","5,057.09","1,306.32","1,047.21","2,353.53"
2019,Montana,"2,737.65","2,466.67","5,204.32","1,320.28","1,056.36","2,376.64"
2020,Montana,"2,861.43","2,016.04","4,877.47","1,333.33",835.38,"2,168.70"
1997,Nebraska,"1,410.16",847.70,"2,257.86","1,040.00",657.64,"1,697.64"
1998,Nebraska,"1,385.26",869.17,"2,254.43","1,002.62",657.14,"1,659.75"
1999,Nebraska,"1,474.21",924.08,"2,398.29","1,046.85",681.72,"1,728.58"
2000,Nebraska,"1,466.83",959.32,"2,426.14","1,018.65",691.39,"1,710.04"
2001,Nebraska,"1,518.08",983.01,"2,501.10","1,020.81",688.51,"1,709.32"
2002,Nebraska,"1,493.74","1,018.33","2,512.07",991.86,695.64,"1,687.50"
2003,Nebraska,"1,543.66","1,065.71","2,609.37","1,003.29",712.82,"1,716.11"
2004,Nebraska,"1,597.99","1,175.09","2,773.07","1,000.67",763.34,"1,764.01"
2005,Nebraska,"1,725.33","1,227.02","2,952.35","1,059.92",772.75,"1,832.68"
2006,Nebraska,"1,710.83","1,278.47","2,989.30","1,033.05",780.93,"1,813.98"
2007,Nebraska,"1,753.31","1,336.83","3,090.14","1,015.86",787.90,"1,803.75"
2008,Nebraska,"1,732.50","1,378.79","3,111.29",943.42,778.32,"1,721.74"
2009,Nebraska,"1,607.71","1,361.58","2,969.29",871.40,742.77,"1,614.17"
2010,Nebraska,"1,624.84","1,391.51","3,016.34",877.78,749.56,"1,627.34"
2011,Nebraska,"1,715.01","1,464.88","3,179.89",884.04,771.05,"1,655.09"
2012,Nebraska,"1,805.08","1,540.07","3,345.15",908.09,788.20,"1,696.29"
2013,Nebraska,"1,905.29","1,630.30","3,535.59",949.92,816.93,"1,766.85"
2014,Nebraska,"2,011.85","1,794.90","3,806.75",979.65,878.05,"1,857.70"
2015,Nebraska,"2,048.71","1,931.29","3,980.00",986.09,918.51,"1,904.59"
2016,Nebraska,"2,161.82","2,079.08","4,240.90","1,054.39",963.98,"2,018.37"
2017,Nebraska,"2,347.38","2,261.36","4,608.74","1,147.18","1,024.58","2,171.76"
2018,Nebraska,"2,408.73","2,430.14","4,838.87","1,171.90","1,072.85","2,244.74"
2019,Nebraska,"2,521.58","2,483.13","5,004.71","1,216.07","1,063.41","2,279.49"
2020,Nebraska,"2,663.99","2,119.37","4,783.36","1,241.33",878.19,"2,119.52"
1997,Nevada,"1,497.38","1,824.10","3,321.48","1,104.33","1,415.13","2,519.46"
1998,Nevada,"1,438.06","1,931.48","3,369.54","1,040.83","1,460.30","2,501.13"
1999,Nevada,"1,451.05","2,038.68","3,489.73","1,030.41","1,504.00","2,534.41"
2000,Nevada,"1,379.43","2,051.21","3,430.65",957.96,"1,478.33","2,436.29"
2001,Nevada,"1,404.94","2,027.01","3,431.96",944.73,"1,419.73","2,364.46"
2002,Nevada,"1,463.80","1,995.36","3,459.16",971.98,"1,363.07","2,335.05"
2003,Nevada,"1,499.41","1,961.84","3,461.25",974.53,"1,312.20","2,286.74"
2004,Nevada,"1,586.95","2,001.10","3,588.05",993.76,"1,299.91","2,293.68"
2005,Nevada,"1,659.23","1,999.28","3,658.51","1,019.32","1,259.11","2,278.43"
2006,Nevada,"1,719.50","2,140.69","3,860.18","1,038.29","1,307.60","2,345.89"
2007,Nevada,"1,835.79","2,177.50","4,013.29","1,063.64","1,283.37","2,347.01"
2008,Nevada,"1,939.94","2,095.24","4,035.18","1,056.38","1,182.75","2,239.13"
2009,Nevada,"2,006.51","2,093.10","4,099.61","1,087.55","1,141.84","2,229.39"
2010,Nevada,"2,047.36","2,163.66","4,211.03","1,106.04","1,165.49","2,271.53"
2011,Nevada,"2,291.12","2,375.20","4,666.31","1,181.00","1,250.21","2,431.21"
2012,Nevada,"2,708.37","2,602.99","5,311.36","1,362.52","1,332.20","2,694.72"
2013,Nevada,"2,823.49","2,799.92","5,623.41","1,407.71","1,403.02","2,810.73"
2014,Nevada,"2,861.49","2,987.34","5,848.83","1,393.37","1,461.39","2,854.76"
2015,Nevada,"2,836.98","3,227.29","6,064.27","1,365.50","1,534.88","2,900.38"
2016,Nevada,"2,575.72","3,260.42","5,836.14","1,256.26","1,511.71","2,767.98"
2017,Nevada,"2,525.35","3,390.47","5,915.82","1,234.15","1,536.16","2,770.31"
2018,Nevada,"2,584.24","3,501.65","6,085.89","1,257.29","1,545.89","2,803.18"
2019,Nevada,"2,605.50","3,627.97","6,233.47","1,256.55","1,553.70","2,810.24"
2020,Nevada,"2,792.79","2,855.45","5,648.24","1,301.34","1,183.20","2,484.54"
1997,New Hampshire,"1,643.35","1,114.11","2,757.46","1,211.99",864.32,"2,076.31"
1998,New Hampshire,"1,651.83","1,167.19","2,819.01","1,195.55",882.45,"2,078.00"
1999,New Hampshire,"1,709.80","1,212.72","2,922.53","1,214.15",894.67,"2,108.82"
2000,New Hampshire,"1,851.60","1,254.13","3,105.73","1,285.87",903.86,"2,189.73"
2001,New Hampshire,"1,969.97","1,288.20","3,258.17","1,324.67",902.26,"2,226.93"
2002,New Hampshire,"1,951.83","1,358.70","3,310.54","1,296.03",928.16,"2,224.19"
2003,New Hampshire,"2,014.79","1,418.19","3,432.98","1,309.50",948.58,"2,258.08"
2004,New Hampshire,"2,085.42","1,489.65","3,575.07","1,305.91",967.68,"2,273.58"
2005,New Hampshire,"2,217.17","1,519.20","3,736.36","1,362.07",956.76,"2,318.84"
2006,New Hampshire,"2,235.33","1,571.85","3,807.18","1,349.76",960.14,"2,309.90"
2007,New Hampshire,"2,383.68","1,702.10","4,085.78","1,381.09","1,003.18","2,384.27"
2008,New Hampshire,"2,434.49","1,729.72","4,164.22","1,325.68",976.42,"2,302.10"
2009,New Hampshire,"2,351.81","1,666.72","4,018.53","1,274.71",909.23,"2,183.95"
2010,New Hampshire,"2,399.38","1,697.43","4,096.81","1,296.21",914.35,"2,210.55"
2011,New Hampshire,"2,490.14","1,771.69","4,261.83","1,283.59",932.55,"2,216.14"
2012,New Hampshire,"2,692.29","1,855.58","4,547.87","1,354.43",949.67,"2,304.10"
2013,New Hampshire,"2,717.39","1,915.76","4,633.14","1,354.81",959.98,"2,314.78"
2014,New Hampshire,"2,702.51","2,021.23","4,723.75","1,315.95",988.78,"2,304.73"
2015,New Hampshire,"2,744.67","2,135.55","4,880.22","1,321.07","1,015.65","2,336.72"
2016,New Hampshire,"2,845.39","2,422.31","5,267.70","1,387.79","1,123.12","2,510.91"
2017,New Hampshire,"3,102.97","2,584.79","5,687.76","1,516.44","1,171.12","2,687.56"
2018,New Hampshire,"3,133.79","2,690.72","5,824.51","1,524.65","1,187.89","2,712.54"
2019,New Hampshire,"3,248.57","2,777.08","6,025.65","1,566.68","1,189.30","2,755.98"
2020,New Hampshire,"3,434.81","2,322.64","5,757.45","1,600.50",962.42,"2,562.92"
1997,New Jersey,"1,461.45","1,054.44","2,515.89","1,077.83",818.03,"1,895.86"
1998,New Jersey,"1,496.28","1,123.32","2,619.59","1,082.97",849.28,"1,932.25"
1999,New Jersey,"1,638.23","1,173.14","2,811.36","1,163.32",865.46,"2,028.78"
2000,New Jersey,"1,691.81","1,217.72","2,909.53","1,174.90",877.62,"2,052.52"
2001,New Jersey,"1,789.95","1,241.31","3,031.26","1,203.62",869.42,"2,073.04"
2002,New Jersey,"1,795.61","1,246.40","3,042.01","1,192.30",851.44,"2,043.74"
2003,New Jersey,"1,910.72","1,304.06","3,214.78","1,241.86",872.24,"2,114.10"
2004,New Jersey,"2,036.13","1,410.05","3,446.18","1,275.04",915.97,"2,191.01"
2005,New Jersey,"2,115.74","1,484.88","3,600.62","1,299.76",935.15,"2,234.92"
2006,New Jersey,"2,179.25","1,565.56","3,744.81","1,315.90",956.30,"2,272.20"
2007,New Jersey,"2,386.34","1,703.04","4,089.38","1,382.63","1,003.73","2,386.36"
2008,New Jersey,"2,471.36","1,700.15","4,171.51","1,345.76",959.72,"2,305.48"
2009,New Jersey,"2,468.20","1,625.59","4,093.80","1,337.80",886.80,"2,224.60"
2010,New Jersey,"2,476.01","1,660.53","4,136.53","1,337.60",894.47,"2,232.07"
2011,New Jersey,"2,554.36","1,759.78","4,314.14","1,316.70",926.27,"2,242.97"
2012,New Jersey,"2,662.80","1,869.60","4,532.41","1,339.59",956.85,"2,296.45"
2013,New Jersey,"2,630.75","2,012.27","4,643.02","1,311.61","1,008.34","2,319.95"
2014,New Jersey,"2,615.16","2,146.24","4,761.40","1,273.42","1,049.93","2,323.35"
2015,New Jersey,"2,689.02","2,354.24","5,043.26","1,294.28","1,119.66","2,413.94"
2016,New Jersey,"2,612.09","2,513.53","5,125.62","1,274.01","1,165.41","2,439.42"
2017,New Jersey,"2,604.05","2,714.35","5,318.40","1,272.62","1,229.82","2,502.44"
2018,New Jersey,"2,550.68","2,826.82","5,377.51","1,240.96","1,247.97","2,488.93"
2019,New Jersey,"2,448.49","2,902.76","5,351.25","1,180.82","1,243.12","2,423.95"
2020,New Jersey,"2,545.68","2,495.27","5,040.95","1,186.20","1,033.95","2,220.15"
1997,New Mexico,"1,314.30",963.09,"2,277.39",969.31,747.16,"1,716.47"
1998,New Mexico,"1,337.18","1,009.25","2,346.44",967.82,763.05,"1,730.87"
1999,New Mexico,"1,344.34","1,052.44","2,396.78",954.63,776.42,"1,731.05"
2000,New Mexico,"1,351.82","1,083.03","2,434.84",938.78,780.55,"1,719.33"
2001,New Mexico,"1,306.85","1,107.93","2,414.77",878.77,775.99,"1,654.76"
2002,New Mexico,"1,216.81","1,182.12","2,398.94",807.97,807.53,"1,615.50"
2003,New Mexico,"1,323.40","1,234.14","2,557.54",860.14,825.47,"1,685.61"
2004,New Mexico,"1,381.56","1,301.52","2,683.08",865.15,845.47,"1,710.61"
2005,New Mexico,"1,418.18","1,340.38","2,758.55",871.23,844.15,"1,715.38"
2006,New Mexico,"1,516.80","1,411.96","2,928.75",915.89,862.47,"1,778.36"
2007,New Mexico,"1,560.79","1,457.75","3,018.54",904.31,859.16,"1,763.47"
2008,New Mexico,"1,665.24","1,457.55","3,122.79",906.79,822.78,"1,729.57"
2009,New Mexico,"1,565.53","1,422.95","2,988.48",848.54,776.25,"1,624.79"
2010,New Mexico,"1,635.45","1,415.43","3,050.88",883.51,762.45,"1,645.95"
2011,New Mexico,"1,684.19","1,492.03","3,176.22",868.15,785.34,"1,653.49"
2012,New Mexico,"1,905.18","1,572.12","3,477.30",958.45,804.60,"1,763.05"
2013,New Mexico,"1,917.19","1,677.07","3,594.27",955.85,840.37,"1,796.23"
2014,New Mexico,"1,927.11","1,906.46","3,833.56",938.38,932.63,"1,871.01"
2015,New Mexico,"1,921.84","2,136.67","4,058.51",925.02,"1,016.18","1,941.21"
2016,New Mexico,"1,918.42","2,247.01","4,165.42",935.68,"1,041.84","1,977.51"
2017,New Mexico,"1,966.11","2,478.63","4,444.73",960.85,"1,123.02","2,083.87"
2018,New Mexico,"2,062.34","2,622.90","4,685.24","1,003.37","1,157.95","2,161.32"
2019,New Mexico,"2,147.66","2,654.05","4,801.71","1,035.75","1,136.61","2,172.36"
2020,New Mexico,"2,226.57","2,202.20","4,428.77","1,037.50",912.51,"1,950.02"
1997,New York,"1,256.72","1,102.10","2,358.82",926.84,855.01,"1,781.85"
1998,New York,"1,279.03","1,140.41","2,419.44",925.73,862.21,"1,787.94"
1999,New York,"1,346.87","1,167.65","2,514.52",956.42,861.42,"1,817.84"
2000,New York,"1,330.38","1,182.24","2,512.62",923.89,852.06,"1,775.95"
2001,New York,"1,427.95","1,218.49","2,646.44",960.20,853.43,"1,813.64"
2002,New York,"1,426.96","1,244.08","2,671.03",947.51,849.85,"1,797.36"
2003,New York,"1,502.81","1,346.72","2,849.53",976.74,900.77,"1,877.51"
2004,New York,"1,577.22","1,443.17","3,020.40",987.67,937.48,"1,925.16"
2005,New York,"1,632.05","1,545.50","3,177.55","1,002.62",973.33,"1,975.95"
2006,New York,"1,704.79","1,679.57","3,384.36","1,029.41","1,025.94","2,055.34"
2007,New York,"1,811.37","1,767.57","3,578.94","1,049.49","1,041.76","2,091.26"
2008,New York,"1,895.97","1,792.01","3,687.98","1,032.44","1,011.58","2,044.01"
2009,New York,"1,773.75","1,716.55","3,490.30",961.40,936.42,"1,897.81"
2010,New York,"1,815.80","1,780.41","3,596.22",980.94,959.05,"1,939.99"
2011,New York,"1,931.72","1,905.16","3,836.89",995.75,"1,002.80","1,998.55"
2012,New York,"1,987.63","2,024.35","4,011.98",999.93,"1,036.05","2,035.98"
2013,New York,"2,030.49","2,137.06","4,167.55","1,012.34","1,070.87","2,083.21"
2014,New York,"2,095.77","2,261.78","4,357.56","1,020.51","1,106.45","2,126.96"
2015,New York,"2,128.89","2,445.18","4,574.07","1,024.68","1,162.91","2,187.59"
2016,New York,"2,153.42","2,653.49","4,806.91","1,050.30","1,230.31","2,280.60"
2017,New York,"2,238.15","2,894.16","5,132.31","1,093.80","1,311.29","2,405.09"
2018,New York,"2,249.49","3,048.43","5,297.92","1,094.42","1,345.81","2,440.23"
2019,New York,"2,249.10","3,351.92","5,601.02","1,084.67","1,435.47","2,520.14"
2020,New York,"2,377.24","2,832.70","5,209.94","1,107.71","1,173.77","2,281.48"
1997,North Carolina,"1,511.06","1,020.29","2,531.36","1,114.42",791.54,"1,905.96"
1998,North Carolina,"1,509.42","1,083.80","2,593.23","1,092.48",819.41,"1,911.89"
1999,North Carolina,"1,615.64","1,140.96","2,756.60","1,147.28",841.73,"1,989.01"
2000,North Carolina,"1,630.54","1,173.99","2,804.53","1,132.34",846.11,"1,978.45"
2008.659429,Alabama,"2,027.29","1,736.32","3,763.61","1,128.86",946.46,"2,075.32"
2008.659955,Alabama,"2,027.44","1,736.10","3,763.53","1,128.93",946.31,"2,075.24"
2008.660482,Alabama,"2,027.58","1,735.87","3,763.46","1,129.00",946.17,"2,075.16"
2008.661008,Alabama,"2,027.73","1,735.65","3,763.38","1,129.06",946.02,"2,075.08"
2008.661534,Alabama,"2,027.88","1,735.43","3,763.31","1,129.13",945.87,"2,075.00"
2008.66206,Alabama,"2,028.03","1,735.20","3,763.23","1,129.20",945.72,"2,074.92"
2008.662586,Alabama,"2,028.18","1,734.98","3,763.16","1,129.27",945.57,"2,074.84"
2008.663112,Alabama,"2,028.33","1,734.76","3,763.08","1,129.33",945.43,"2,074.76"
2008.663639,Alabama,"2,028.47","1,734.53","3,763.01","1,129.40",945.28,"2,074.68"
2008.664165,Alabama,"2,028.62","1,734.31","3,762.93","1,129.47",945.13,"2,074.60"
2008.664691,Alabama,"2,028.77","1,734.08","3,762.86","1,129.53",944.98,"2,074.52"
2008.665217,Alabama,"2,028.92","1,733.86","3,762.78","1,129.60",944.84,"2,074.44"
2008.665743,Alabama,"2,029.07","1,733.64","3,762.71","1,129.67",944.69,"2,074.36"
2008.666269,Alabama,"2,029.22","1,733.41","3,762.63","1,129.74",944.54,"2,074.28"
2008.666796,Alabama,"2,029.36","1,733.19","3,762.55","1,129.80",944.39,"2,074.20"
2008.667322,Alabama,"2,029.51","1,732.97","3,762.48","1,129.87",944.25,"2,074.12"
2008.667848,Alabama,"2,029.66","1,732.74","3,762.40","1,129.94",944.10,"2,074.04"
2008.668374,Alabama,"2,029.81","1,732.52","3,762.33","1,130.01",943.95,"2,073.96"
2008.6689,Alabama,"2,029.96","1,732.29","3,762.25","1,130.07",943.80,"2,073.88"
2008.669427,Alabama,"2,030.11","1,732.07","3,762.18","1,130.14",943.65,"2,073.80"
2008.669953,Alabama,"2,030.26","1,731.85","3,762.10","1,130.21",943.51,"2,073.72"
2008.670479,Alabama,"2,030.40","1,731.62","3,762.03","1,130.28",943.36,"2,073.64"
2008.671005,Alabama,"2,030.55","1,731.40","3,761.95","1,130.34",943.21,"2,073.55"
2008.671531,Alabama,"2,030.70","1,731.18","3,761.88","1,130.41",943.06,"2,073.47"
2008.672057,Alaska,"2,030.85","1,730.95","3,761.80","1,130.48",942.92,"2,073.39"
2008.672584,Alaska,"2,031.00","1,730.73","3,761.73","1,130.55",942.77,"2,073.31"
2008.67311,Alaska,"2,031.15","1,730.51","3,761.65","1,130.61",942.62,"2,073.23"
2008.673636,Alaska,"2,031.29","1,730.28","3,761.58","1,130.68",942.47,"2,073.15"
2008.674162,Alaska,"2,031.44","1,730.06","3,761.50","1,130.75",942.32,"2,073.07"
2008.674688,Alaska,"2,031.59","1,729.83","3,761.43","1,130.82",942.18,"2,072.99"
2008.675214,Alaska,"2,031.74","1,729.61","3,761.35","1,130.88",942.03,"2,072.91"
2008.675741,Alaska,"2,031.89","1,729.39","3,761.27","1,130.95",941.88,"2,072.83"
2008.676267,Alaska,"2,032.04","1,729.16","3,761.20","1,131.02",941.73,"2,072.75"
2008.676793,Alaska,"2,032.18","1,728.94","3,761.12","1,131.09",941.59,"2,072.67"
2008.677319,Alaska,"2,032.33","1,728.72","3,761.05","1,131.15",941.44,"2,072.59"
2008.677845,Alaska,"2,032.48","1,728.49","3,760.97","1,131.22",941.29,"2,072.51"
2008.678371,Alaska,"2,032.63","1,728.27","3,760.90","1,131.29",941.14,"2,072.43"
2008.678898,Alaska,"2,032.78","1,728.04","3,760.82","1,131.35",940.99,"2,072.35"
2008.679424,Alaska,"2,032.93","1,727.82","3,760.75","1,131.42",940.85,"2,072.27"
2008.67995,Alaska,"2,033.07","1,727.60","3,760.67","1,131.49",940.70,"2,072.19"
2008.680476,Alaska,"2,033.22","1,727.37","3,760.60","1,131.56",940.55,"2,072.11"
2008.681002,Alaska,"2,033.37","1,727.15","3,760.52","1,131.62",940.40,"2,072.03"
2008.681529,Alaska,"2,033.52","1,726.93","3,760.45","1,131.69",940.26,"2,071.95"
2008.682055,Alaska,"2,033.67","1,726.70","3,760.37","1,131.76",940.11,"2,071.87"
2008.682581,Alaska,"2,033.82","1,726.48","3,760.30","1,131.83",939.96,"2,071.79"
2008.683107,Alaska,"2,033.97","1,726.26","3,760.22","1,131.89",939.81,"2,071.71"
2008.683633,Alaska,"2,034.11","1,726.03","3,760.15","1,131.96",939.67,"2,071.63"
2008.684159,Alaska,"2,034.26","1,725.81","3,760.07","1,132.03",939.52,"2,071.55"
2008.684686,Arizona,"2,034.41","1,725.58","3,759.99","1,132.10",939.37,"2,071.47"
2008.685212,Arizona,"2,034.56","1,725.36","3,759.92","1,132.16",939.22,"2,071.39"
2008.685738,Arizona,"2,034.71","1,725.14","3,759.84","1,132.23",939.07,"2,071.31"
2008.686264,Arizona,"2,034.86","1,724.91","3,759.77","1,132.30",938.93,"2,071.23"
2008.68679,Arizona,"2,035.00","1,724.69","3,759.69","1,132.37",938.78,"2,071.14"
2008.687316,Arizona,"2,035.15","1,724.47","3,759.62","1,132.43",938.63,"2,071.06"
2008.687843,Arizona,"2,035.30","1,724.24","3,759.54","1,132.50",938.48,"2,070.98"
2008.688369,Arizona,"2,035.45","1,724.02","3,759.47","1,132.57",938.34,"2,070.90"
2008.688895,Arizona,"2,035.60","1,723.79","3,759.39","1,132.64",938.19,"2,070.82"
2008.689421,Arizona,"2,035.75","1,723.57","3,759.32","1,132.70",938.04,"2,070.74"
2008.689947,Arizona,"2,035.89","1,723.35","3,759.24","1,132.77",937.89,"2,070.66"
2008.690474,Arizona,"2,036.04","1,723.12","3,759.17","1,132.84",937.74,"2,070.58"
2008.691,Arizona,"2,036.19","1,722.90","3,759.09","1,132.91",937.60,"2,070.50"
2008.691526,Arizona,"2,036.34","1,722.68","3,759.02","1,132.97",937.45,"2,070.42"
2008.692052,Arizona,"2,036.49","1,722.45","3,758.94","1,133.04",937.30,"2,070.34"
2008.692578,Arizona,"2,036.64","1,722.23","3,758.87","1,133.11",937.15,"2,070.26"
2008.693104,Arizona,"2,036.78","1,722.01","3,758.79","1,133.17",937.01,"2,070.18"
2008.693631,Arizona,"2,036.93","1,721.78","3,758.71","1,133.24",936.86,"2,070.10"
2008.694157,Arizona,"2,037.08","1,721.56","3,758.64","1,133.31",936.71,"2,070.02"
2008.694683,Arizona,"2,037.23","1,721.33","3,758.56","1,133.38",936.56,"2,069.94"
2008.695209,Arizona,"2,037.38","1,721.11","3,758.49","1,133.44",936.42,"2,069.86"
2008.695735,Arizona,"2,037.53","1,720.89","3,758.41","1,133.51",936.27,"2,069.78"
2008.696261,Arizona,"2,037.68","1,720.66","3,758.34","1,133.58",936.12,"2,069.70"
2008.696788,Arizona,"2,037.82","1,720.44","3,758.26","1,133.65",935.97,"2,069.62"
2008.697314,Arkansas,"2,037.97","1,720.22","3,758.19","1,133.71",935.82,"2,069.54"
2008.69784,Arkansas,"2,038.12","1,719.99","3,758.11","1,133.78",935.68,"2,069.46"
2008.698366,Arkansas,"2,038.27","1,719.77","3,758.04","1,133.85",935.53,"2,069.38"
2008.698892,Arkansas,"2,038.42","1,719.54","3,757.96","1,133.92",935.38,"2,069.30"
2008.699418,Arkansas,"2,038.57","1,719.32","3,757.89","1,133.98",935.23,"2,069.22"
2008.699945,Arkansas,"2,038.71","1,719.10","3,757.81","1,134.05",935.09,"2,069.14"
2008.700471,Arkansas,"2,038.86","1,718.87","3,757.74","1,134.12",934.94,"2,069.06"
2008.700997,Arkansas,"2,039.01","1,718.65","3,757.66","1,134.19",934.79,"2,068.98"
2008.701523,Arkansas,"2,039.16","1,718.43","3,757.59","1,134.25",934.64,"2,068.90"
2008.702049,Arkansas,"2,039.31","1,718.20","3,757.51","1,134.32",934.49,"2,068.81"
2008.702576,Arkansas,"2,039.46","1,717.98","3,757.43","1,134.39",934.35,"2,068.73"
2008.703102,Arkansas,"2,039.60","1,717.76","3,757.36","1,134.46",934.20,"2,068.65"
2008.703628,Arkansas,"2,039.75","1,717.53","3,757.28","1,134.52",934.05,"2,068.57"
2008.704154,Arkansas,"2,039.90","1,717.31","3,757.21","1,134.59",933.90,"2,068.49"
2008.70468,Arkansas,"2,040.05","1,717.08","3,757.13","1,134.66",933.76,"2,068.41"
2008.705206,Arkansas,"2,040.20","1,716.86","3,757.06","1,134.72",933.61,"2,068.33"
2008.705733,Arkansas,"2,040.35","1,716.64","3,756.98","1,134.79",933.46,"2,068.25"
2008.706259,Arkansas,"2,040.49","1,716.41","3,756.91","1,134.86",933.31,"2,068.17"
2008.706785,Arkansas,"2,040.64","1,716.19","3,756.83","1,134.93",933.16,"2,068.09"
2008.707311,Arkansas,"2,040.79","1,715.97","3,756.76","1,134.99",933.02,"2,068.01"
2008.707837,Arkansas,"2,040.94","1,715.74","3,756.68","1,135.06",932.87,"2,067.93"
2008.708363,Arkansas,"2,041.09","1,715.52","3,756.61","1,135.13",932.72,"2,067.85"
2008.70889,Arkansas,"2,041.24","1,715.29","3,756.53","1,135.20",932.57,"2,067.77"
2008.709416,Arkansas,"2,041.39","1,715.07","3,756.46","1,135.26",932.43,"2,067.69"
2008.709942,California,"2,041.53","1,714.85","3,756.38","1,135.33",932.28,"2,067.61"
2008.710468,California,"2,041.68","1,714.62","3,756.31","1,135.40",932.13,"2,067.53"
2008.710994,California,"2,041.83","1,714.40","3,756.23","1,135.47",931.98,"2,067.45"
2008.71152,California,"2,041.98","1,714.18","3,756.15","1,135.53",931.84,"2,067.37"
2008.712047,California,"2,042.13","1,713.95","3,756.08","1,135.60",931.69,"2,067.29"
2008.712573,California,"2,042.28","1,713.73","3,756.00","1,135.67",931.54,"2,067.21"
2008.713099,California,"2,042.42","1,713.51","3,755.93","1,135.74",931.39,"2,067.13"
2008.713625,California,"2,042.57","1,713.28","3,755.85","1,135.80",931.24,"2,067.05"
2008.714151,California,"2,042.72","1,713.06","3,755.78","1,135.87",931.10,"2,066.97"
2008.714678,California,"2,042.87","1,712.83","3,755.70","1,135.94",930.95,"2,066.89"
2008.715204,California,"2,043.02","1,712.61","3,755.63","1,136.01",930.80,"2,066.81"
2008.71573,California,"2,043.17","1,712.39","3,755.55","1,136.07",930.65,"2,066.73"
2008.716256,California,"2,043.31","1,712.16","3,755.48","1,136.14",930.51,"2,066.65"
2008.716782,California,"2,043.46","1,711.94","3,755.40","1,136.21",930.36,"2,066.57"
2008.717308,California,"2,043.61","1,711.72","3,755.33","1,136.28",930.21,"2,066.49"
2008.717835,California,"2,043.76","1,711.49","3,755.25","1,136.34",930.06,"2,066.40"
2008.718361,California,"2,043.91","1,711.27","3,755.18","1,136.41",929.91,"2,066.32"
2008.718887,California,"2,044.06","1,711.04","3,755.10","1,136.48",929.77,"2,066.24"
2008.719413,California,"2,044.20","1,710.82","3,755.03","1,136.54",929.62,"2,066.16"
2008.719939,California,"2,044.35","1,710.60","3,754.95","1,136.61",929.47,"2,066.08"
2008.720465,California,"2,044.50","1,710.37","3,754.88","1,136.68",929.32,"2,066.00"
2008.720992,California,"2,044.65","1,710.15","3,754.80","1,136.75",929.18,"2,065.92"
2008.721518,California,"2,044.80","1,709.93","3,754.72","1,136.81",929.03,"2,065.84"
2008.722044,California,"2,044.95","1,709.70","3,754.65","1,136.88",928.88,"2,065.76"
2008.72257,Colorado,"2,045.10","1,709.48","3,754.57","1,136.95",928.73,"2,065.68"
2008.723096,Colorado,"2,045.24","1,709.26","3,754.50","1,137.02",928.58,"2,065.60"
2008.723622,Colorado,"2,045.39","1,709.03","3,754.42","1,137.08",928.44,"2,065.52"
2008.724149,Colorado,"2,045.54","1,708.81","3,754.35","1,137.15",928.29,"2,065.44"
2008.724675,Colorado,"2,045.69","1,708.58","3,754.27","1,137.22",928.14,"2,065.36"
2008.725201,Colorado,"2,045.84","1,708.36","3,754.20","1,137.29",927.99,"2,065.28"
2007,Pennsylvania,"1,771.03","1,439.73","3,210.76","1,026.12",848.54,"1,874.66"
2008,Pennsylvania,"1,835.54","1,495.39","3,330.93",999.53,844.14,"1,843.67"
2009,Pennsylvania,"1,810.83","1,439.18","3,250.01",981.49,785.11,"1,766.60"
2010,Pennsylvania,"1,823.31","1,496.09","3,319.39",985.00,805.89,"1,790.89"
2011,Pennsylvania,"1,885.91","1,579.79","3,465.70",972.13,831.54,"1,803.67"
2012,Pennsylvania,"2,017.93","1,677.60","3,695.53","1,015.17",858.59,"1,873.76"
2013,Pennsylvania,"2,020.85","1,755.56","3,776.42","1,007.54",879.70,"1,887.24"
2014,Pennsylvania,"2,114.39","1,868.99","3,983.38","1,029.57",914.30,"1,943.87"
2015,Pennsylvania,"2,159.79","2,034.89","4,194.69","1,039.55",967.78,"2,007.34"
2016,Pennsylvania,"2,209.62","2,110.63","4,320.25","1,077.71",978.60,"2,056.31"
2017,Pennsylvania,"2,359.68","2,226.68","4,586.35","1,153.19","1,008.87","2,162.06"
2018,Pennsylvania,"2,537.93","2,330.39","4,868.32","1,234.75","1,028.81","2,263.57"
2019,Pennsylvania,"2,838.43","2,562.07","5,400.50","1,368.88","1,097.22","2,466.10"
2020,Pennsylvania,"3,050.95","2,219.27","5,270.21","1,421.64",919.59,"2,341.22"
1997,Rhode Island,"1,073.98","1,024.98","2,098.96",792.07,795.18,"1,587.25"
1998,Rhode Island,"1,150.94","1,079.46","2,230.40",833.02,816.13,"1,649.15"
1999,Rhode Island,"1,223.57","1,133.49","2,357.06",868.87,836.21,"1,705.08"
2000,Rhode Island,"1,255.39","1,133.92","2,389.30",871.82,817.22,"1,689.04"
2001,Rhode Island,"1,310.53","1,190.83","2,501.36",881.25,834.06,"1,715.30"
2002,Rhode Island,"1,384.00","1,239.14","2,623.14",918.99,846.48,"1,765.47"
2003,Rhode Island,"1,419.01","1,308.25","2,727.26",922.28,875.04,"1,797.32"
2004,Rhode Island,"1,503.32","1,405.64","2,908.97",941.39,913.11,"1,854.50"
2005,Rhode Island,"1,495.22","1,433.95","2,929.17",918.56,903.08,"1,821.64"
2006,Rhode Island,"1,566.46","1,498.79","3,065.25",945.88,915.51,"1,861.39"
2007,Rhode Island,"1,741.85","1,553.18","3,295.03","1,009.22",915.41,"1,924.63"
2008,Rhode Island,"1,806.08","1,617.56","3,423.65",983.49,913.10,"1,896.59"
2009,Rhode Island,"1,705.58","1,577.88","3,283.46",924.45,860.77,"1,785.22"
2010,Rhode Island,"1,645.04","1,624.69","3,269.73",888.69,875.17,"1,763.86"
2011,Rhode Island,"1,692.98","1,759.96","3,452.94",872.68,926.37,"1,799.05"
2012,Rhode Island,"1,766.12","1,888.55","3,654.66",888.49,966.55,"1,855.04"
2013,Rhode Island,"1,959.71","2,027.28","3,986.99",977.05,"1,015.86","1,992.91"
2014,Rhode Island,"2,044.76","2,178.88","4,223.64",995.67,"1,065.90","2,061.57"
2015,Rhode Island,"2,083.94","2,372.29","4,456.23","1,003.05","1,128.25","2,131.29"
2016,Rhode Island,"2,164.05","2,579.70","4,743.74","1,055.48","1,196.09","2,251.57"
2017,Rhode Island,"2,337.56","2,840.36","5,177.92","1,142.38","1,286.91","2,429.29"
2018,Rhode Island,"2,386.83","3,009.59","5,396.43","1,161.24","1,328.66","2,489.90"
2019,Rhode Island,"2,692.25","3,129.52","5,821.78","1,298.38","1,340.23","2,638.62"
2020,Rhode Island,"3,037.83","2,569.10","5,606.93","1,415.52","1,064.54","2,480.07"
1997,South Carolina,"1,374.66",974.78,"2,349.44","1,013.82",756.23,"1,770.05"
1998,South Carolina,"1,442.38","1,089.35","2,531.73","1,043.96",823.61,"1,867.56"
1999,South Carolina,"1,514.68","1,153.43","2,668.11","1,075.59",850.93,"1,926.51"
2000,South Carolina,"1,555.15","1,253.75","2,808.90","1,079.99",903.59,"1,983.58"
2001,South Carolina,"1,583.18","1,267.13","2,850.31","1,064.59",887.50,"1,952.08"
2002,South Carolina,"1,597.94","1,333.49","2,931.44","1,061.05",910.93,"1,971.98"
2003,South Carolina,"1,704.12","1,392.95","3,097.07","1,107.58",931.69,"2,039.27"
2004,South Carolina,"1,864.51","1,487.69","3,352.21","1,167.57",966.41,"2,133.98"
2005,South Carolina,"1,903.56","1,565.03","3,468.59","1,169.42",985.63,"2,155.05"
2006,South Carolina,"1,958.22","1,630.81","3,589.02","1,182.43",996.15,"2,178.58"
2007,South Carolina,"2,016.03","1,713.41","3,729.44","1,168.08","1,009.84","2,177.92"
2008,South Carolina,"1,972.86","1,728.32","3,701.18","1,074.31",975.62,"2,049.93"
2009,South Carolina,"1,913.12","1,679.97","3,593.09","1,036.93",916.46,"1,953.40"
2010,South Carolina,"1,925.85","1,699.27","3,625.13","1,040.39",915.34,"1,955.73"
2011,South Carolina,"1,961.10","1,765.21","3,726.30","1,010.89",929.13,"1,940.02"
2012,South Carolina,"2,069.00","1,864.02","3,933.03","1,040.87",954.00,"1,994.86"
2013,South Carolina,"2,080.84","1,971.87","4,052.71","1,037.44",988.09,"2,025.54"
2014,South Carolina,"2,129.65","2,139.30","4,268.95","1,037.01","1,046.53","2,083.54"
2015,South Carolina,"2,102.25","2,278.71","4,380.96","1,011.86","1,083.74","2,095.60"
2016,South Carolina,"2,080.57","2,384.70","4,465.27","1,014.76","1,105.68","2,120.44"
2017,South Carolina,"2,123.51","2,532.18","4,655.69","1,037.77","1,147.28","2,185.06"
2018,South Carolina,"2,241.56","2,666.02","4,907.58","1,090.57","1,176.98","2,267.55"
2019,South Carolina,"2,270.60","2,697.11","4,967.71","1,095.03","1,155.05","2,250.08"
2020,South Carolina,"2,505.76","2,471.81","4,977.57","1,167.60","1,024.23","2,191.83"
1997,South Dakota,"1,276.96","1,011.38","2,288.33",941.77,784.62,"1,726.39"
1998,South Dakota,"1,279.18","1,052.70","2,331.88",925.83,795.90,"1,721.73"
1999,South Dakota,"1,331.19","1,088.20","2,419.39",945.29,802.80,"1,748.09"
2000,South Dakota,"1,407.88","1,141.55","2,549.43",977.72,822.73,"1,800.45"
2001,South Dakota,"1,412.88","1,177.13","2,590.01",950.07,824.47,"1,774.53"
2002,South Dakota,"1,418.63","1,209.34","2,627.96",941.98,826.12,"1,768.10"
2003,South Dakota,"1,521.74","1,247.52","2,769.26",989.05,834.42,"1,823.47"
2004,South Dakota,"1,520.04","1,290.23","2,810.27",951.86,838.13,"1,790.00"
2005,South Dakota,"1,534.11","1,363.27","2,897.38",942.45,858.57,"1,801.01"
2006,South Dakota,"1,643.23","1,399.53","3,042.76",992.23,854.88,"1,847.11"
2007,South Dakota,"1,623.76","1,440.53","3,064.30",940.80,849.02,"1,789.81"
2008,South Dakota,"1,640.33","1,484.66","3,124.99",893.23,838.08,"1,731.31"
2009,South Dakota,"1,470.32","1,430.68","2,901.00",796.94,780.47,"1,577.40"
2010,South Dakota,"1,491.93","1,437.55","2,929.48",805.98,774.36,"1,580.34"
2011,South Dakota,"1,588.05","1,503.40","3,091.45",818.59,791.33,"1,609.92"
2012,South Dakota,"1,718.44","1,570.31","3,288.75",864.51,803.68,"1,668.18"
2013,South Dakota,"1,721.43","1,651.59","3,373.01",858.25,827.60,"1,685.85"
2014,South Dakota,"1,742.08","1,756.87","3,498.95",848.29,859.45,"1,707.73"
2015,South Dakota,"1,695.17","1,856.79","3,551.96",815.92,883.08,"1,699.00"
2016,South Dakota,"1,657.06","2,024.60","3,681.66",808.20,938.72,"1,746.92"
2017,South Dakota,"1,719.07","2,193.01","3,912.08",840.12,993.61,"1,833.73"
2018,South Dakota,"1,902.11","2,350.14","4,252.25",925.41,"1,037.53","1,962.94"
2019,South Dakota,"1,997.30","2,477.32","4,474.62",963.23,"1,060.93","2,024.16"
2020,South Dakota,"2,114.51","1,990.17","4,104.68",985.29,824.65,"1,809.95"
1997,Tennessee,"1,432.26","1,045.31","2,477.57","1,056.30",810.94,"1,867.25"
1998,Tennessee,"1,465.80","1,106.59","2,572.39","1,060.91",836.64,"1,897.55"
1999,Tennessee,"1,587.79","1,134.93","2,722.73","1,127.51",837.28,"1,964.79"
2000,Tennessee,"1,604.22","1,200.24","2,804.46","1,114.07",865.02,"1,979.09"
2001,Tennessee,"1,664.26","1,212.85","2,877.11","1,119.11",849.48,"1,968.59"
2002,Tennessee,"1,651.04","1,263.91","2,914.95","1,096.31",863.40,"1,959.70"
2003,Tennessee,"1,752.34","1,326.26","3,078.60","1,138.92",887.09,"2,026.01"
2004,Tennessee,"1,848.92","1,416.56","3,265.48","1,157.81",920.20,"2,078.01"
2005,Tennessee,"1,965.87","1,464.29","3,430.16","1,207.69",922.18,"2,129.88"
2006,Tennessee,"2,064.82","1,503.72","3,568.54","1,246.81",918.52,"2,165.33"
2007,Tennessee,"2,148.00","1,567.53","3,715.52","1,244.54",923.86,"2,168.40"
2008,Tennessee,"2,220.45","1,610.40","3,830.85","1,209.13",909.06,"2,118.19"
2009,Tennessee,"2,162.42","1,612.04","3,774.47","1,172.06",879.41,"2,051.47"
2010,Tennessee,"2,218.58","1,649.74","3,868.32","1,198.53",888.66,"2,087.19"
2011,Tennessee,"2,306.44","1,741.24","4,047.68","1,188.90",916.52,"2,105.42"
2012,Tennessee,"2,432.16","1,833.27","4,265.44","1,223.56",938.26,"2,161.82"
2013,Tennessee,"2,401.99","1,942.99","4,344.99","1,197.56",973.62,"2,171.18"
2014,Tennessee,"2,468.02","2,114.83","4,582.85","1,201.77","1,034.56","2,236.33"
2015,Tennessee,"2,489.53","2,253.46","4,742.99","1,198.26","1,071.73","2,269.99"
2016,Tennessee,"2,519.73","2,379.41","4,899.14","1,228.95","1,103.23","2,332.18"
2017,Tennessee,"2,539.32","2,510.19","5,049.51","1,240.98","1,137.32","2,378.30"
2018,Tennessee,"2,591.40","2,665.67","5,257.07","1,260.77","1,176.83","2,437.60"
2019,Tennessee,"2,639.52","2,720.94","5,360.46","1,272.95","1,165.26","2,438.21"
2020,Tennessee,"2,829.78","2,330.44","5,160.23","1,318.58",965.65,"2,284.23"
1997,Texas,"1,600.87","1,036.49","2,637.36","1,180.65",804.11,"1,984.76"
1998,Texas,"1,606.57","1,071.00","2,677.57","1,162.79",809.73,"1,972.52"
1999,Texas,"1,639.69","1,127.62","2,767.31","1,164.36",831.88,"1,996.25"
2000,Texas,"1,641.89","1,199.92","2,841.81","1,140.23",864.79,"2,005.02"
2001,Texas,"1,705.95","1,232.90","2,938.85","1,147.14",863.53,"2,010.67"
2002,Texas,"1,684.32","1,286.57","2,970.89","1,118.40",878.88,"1,997.28"
2003,Texas,"1,694.17","1,333.13","3,027.29","1,101.11",891.68,"1,992.79"
2004,Texas,"1,757.91","1,398.96","3,156.88","1,100.82",908.77,"2,009.59"
2005,Texas,"1,895.20","1,470.74","3,365.93","1,164.28",926.25,"2,090.52"
2006,Texas,"1,927.32","1,522.04","3,449.35","1,163.78",929.71,"2,093.49"
2007,Texas,"1,924.92","1,583.77","3,508.70","1,115.29",933.44,"2,048.73"
2008,Texas,"1,987.76","1,621.32","3,609.08","1,082.42",915.22,"1,997.64"
2009,Texas,"1,936.60","1,587.30","3,523.90","1,049.66",865.91,"1,915.57"
2010,Texas,"1,970.46","1,626.90","3,597.36","1,064.49",876.36,"1,940.85"
2011,Texas,"2,024.22","1,715.17","3,739.39","1,043.43",902.80,"1,946.22"
2012,Texas,"2,157.79","1,811.97","3,969.76","1,085.53",927.36,"2,012.89"
2013,Texas,"2,188.25","1,936.03","4,124.28","1,091.00",970.13,"2,061.13"
2014,Texas,"2,269.83","2,114.26","4,384.10","1,105.27","1,034.29","2,139.55"
2015,Texas,"2,269.87","2,262.05","4,531.93","1,092.54","1,075.82","2,168.35"
2016,Texas,"2,268.30","2,355.38","4,623.68","1,106.33","1,092.09","2,198.41"
2017,Texas,"2,317.21","2,480.28","4,797.48","1,132.43","1,123.77","2,256.20"
2018,Texas,"2,387.53","2,643.06","5,030.59","1,161.58","1,166.85","2,328.43"
2019,Texas,"2,426.30","2,791.84","5,218.14","1,170.12","1,195.62","2,365.74"
2020,Texas,"2,573.74","2,377.57","4,951.31","1,199.28",985.18,"2,184.46"
1997,Utah,"1,484.75",849.31,"2,334.05","1,095.01",658.89,"1,753.90"
1998,Utah,"1,455.17",881.20,"2,336.37","1,053.21",666.23,"1,719.45"
1999,Utah,"1,551.44",940.32,"2,491.76","1,101.69",693.70,"1,795.40"
2000,Utah,"1,511.54",996.66,"2,508.20","1,049.71",718.30,"1,768.01"
2001,Utah,"1,591.88","1,036.63","2,628.51","1,070.43",726.06,"1,796.49"
2002,Utah,"1,572.09","1,071.13","2,643.22","1,043.88",731.71,"1,775.59"
2003,Utah,"1,693.98","1,119.17","2,813.15","1,100.99",748.57,"1,849.56"
2004,Utah,"1,717.52","1,166.13","2,883.65","1,075.53",757.52,"1,833.05"
2005,Utah,"1,844.32","1,215.11","3,059.43","1,133.02",765.25,"1,898.28"
2006,Utah,"1,924.62","1,251.59","3,176.21","1,162.15",764.51,"1,926.66"
2007,Utah,"2,000.21","1,251.03","3,251.24","1,158.91",737.33,"1,896.24"
2008,Utah,"2,044.81","1,240.34","3,285.15","1,113.48",700.16,"1,813.65"
2009,Utah,"1,980.27","1,212.14","3,192.41","1,073.33",661.25,"1,734.58"
2010,Utah,"1,967.71","1,242.77","3,210.48","1,063.01",669.44,"1,732.45"
2011,Utah,"1,987.29","1,318.44","3,305.73","1,024.39",693.97,"1,718.36"
2012,Utah,"2,072.58","1,383.99","3,456.57","1,042.67",708.32,"1,750.98"
2013,Utah,"2,086.86","1,487.34","3,574.20","1,040.44",745.30,"1,785.74"
2014,Utah,"2,181.63","1,728.01","3,909.65","1,062.32",845.33,"1,907.65"
2015,Utah,"2,187.08","1,902.45","4,089.53","1,052.69",904.79,"1,957.48"
2016,Utah,"2,193.75","2,070.49","4,264.24","1,069.96",959.99,"2,029.96"
2017,Utah,"2,255.23","2,200.65","4,455.88","1,102.15",997.08,"2,099.22"
2018,Utah,"2,351.89","2,373.05","4,724.94","1,144.25","1,047.64","2,191.89"
2019,Utah,"2,417.81","2,476.17","4,893.98","1,166.03","1,060.43","2,226.46"
2020,Utah,"2,555.42","1,912.17","4,467.59","1,190.74",792.34,"1,983.08"
1997,Vermont,"1,623.50",944.09,"2,567.59","1,197.35",732.42,"1,929.77"
1998,Vermont,"1,598.39",968.62,"2,567.01","1,156.87",732.33,"1,889.20"
1999,Vermont,"1,548.66","1,027.19","2,575.85","1,099.72",757.79,"1,857.52"
2000,Vermont,"1,643.82","1,139.83","2,783.65","1,141.57",821.49,"1,963.06"
2001,Vermont,"1,711.47","1,161.52","2,872.99","1,150.85",813.53,"1,964.38"
2002,Vermont,"1,642.76","1,168.56","2,811.32","1,090.81",798.27,"1,889.07"
2003,Vermont,"1,699.70","1,212.11","2,911.81","1,104.71",810.74,"1,915.45"
2004,Vermont,"1,771.84","1,280.68","3,052.52","1,109.54",831.93,"1,941.47"
2005,Vermont,"1,816.19","1,328.31","3,144.50","1,115.74",836.54,"1,952.29"
2006,Vermont,"1,884.91","1,403.96","3,288.86","1,138.17",857.58,"1,995.75"
2007,Vermont,"1,822.43","1,473.74","3,296.17","1,055.91",868.59,"1,924.49"
2008,Vermont,"1,762.36","1,488.99","3,251.35",959.68,840.52,"1,800.20"
2009,Vermont,"1,746.26","1,431.48","3,177.74",946.50,780.90,"1,727.40"
2010,Vermont,"1,732.67","1,461.60","3,194.27",936.03,787.32,"1,723.35"
2011,Vermont,"1,773.59","1,557.36","3,330.95",914.23,819.73,"1,733.97"
2012,Vermont,"1,932.90","1,676.59","3,609.48",972.39,858.07,"1,830.46"
2013,Vermont,"1,977.71","1,778.26","3,755.97",986.03,891.08,"1,877.10"
2014,Vermont,"2,153.32","1,989.18","4,142.50","1,048.53",973.09,"2,021.63"
2015,Vermont,"2,197.22","2,148.96","4,346.18","1,057.57","1,022.03","2,079.60"
2016,Vermont,"2,304.21","2,386.89","4,691.10","1,123.84","1,106.69","2,230.54"
2017,Vermont,"2,474.05","2,597.05","5,071.10","1,209.09","1,176.67","2,385.76"
2018,Vermont,"2,609.98","2,806.97","5,416.95","1,269.81","1,239.21","2,509.02"
2019,Vermont,"2,747.87","2,979.57","5,727.44","1,325.20","1,276.02","2,601.22"
2020,Vermont,"2,939.58","2,346.54","5,286.12","1,369.74",972.32,"2,342.06"
1997,Virginia,"1,554.65","1,067.65","2,622.31","1,146.57",828.28,"1,974.85"
1998,Virginia,"1,566.89","1,093.72","2,660.61","1,134.08",826.91,"1,960.98"
1999,Virginia,"1,642.54","1,153.17","2,795.71","1,166.38",850.74,"2,017.12"
2000,Virginia,"1,624.21","1,204.92","2,829.13","1,127.95",868.40,"1,996.35"
2001,Virginia,"1,705.08","1,224.61","2,929.69","1,146.55",857.72,"2,004.28"
2002,Virginia,"1,734.25","1,284.20","3,018.45","1,151.56",877.26,"2,028.82"
2003,Virginia,"1,819.11","1,368.79","3,187.90","1,182.32",915.53,"2,097.85"
2004,Virginia,"1,934.07","1,439.74","3,373.81","1,211.13",935.26,"2,146.39"
2005,Virginia,"2,014.84","1,512.40","3,527.24","1,237.78",952.49,"2,190.26"
2006,Virginia,"2,098.30","1,590.40","3,688.70","1,267.02",971.47,"2,238.49"
2007,Virginia,"2,200.72","1,688.31","3,889.03","1,275.08",995.05,"2,270.13"
2008,Virginia,"2,293.32","1,732.27","4,025.60","1,248.81",977.86,"2,226.67"
2009,Virginia,"2,267.76","1,734.02","4,001.78","1,229.15",945.95,"2,175.10"
2010,Virginia,"2,290.06","1,725.31","4,015.37","1,237.15",929.37,"2,166.52"
2011,Virginia,"2,396.07","1,816.57","4,212.64","1,235.10",956.17,"2,191.27"
2012,Virginia,"2,535.52","1,891.76","4,427.28","1,275.56",968.19,"2,243.75"
2013,Virginia,"2,520.42","1,992.07","4,512.49","1,256.60",998.22,"2,254.82"
2014,Virginia,"2,639.01","2,182.60","4,821.60","1,285.03","1,067.71","2,352.74"
2015,Virginia,"2,612.28","2,365.43","4,977.71","1,257.34","1,124.98","2,382.33"
2016,Virginia,"2,640.11","2,549.70","5,189.81","1,287.67","1,182.18","2,469.85"
2017,Virginia,"2,738.60","2,704.96","5,443.56","1,338.37","1,225.57","2,563.94"
2018,Virginia,"2,768.62","2,781.32","5,549.94","1,346.99","1,227.88","2,574.88"
2019,Virginia,"2,885.11","2,948.15","5,833.26","1,391.39","1,262.56","2,653.95"
2020,Virginia,"3,082.90","2,510.16","5,593.05","1,436.52","1,040.12","2,476.64"
1997,Washington,"1,471.53","1,062.85","2,534.38","1,085.27",824.56,"1,909.82"
1998,Washington,"1,507.36","1,106.45","2,613.80","1,090.99",836.53,"1,927.52"
1999,Washington,"1,553.34","1,141.97","2,695.31","1,103.04",842.47,"1,945.51"
2000,Washington,"1,640.17","1,185.83","2,826.00","1,139.03",854.64,"1,993.67"
2001,Washington,"1,676.89","1,231.24","2,908.13","1,127.60",862.36,"1,989.96"
2002,Washington,"1,675.28","1,272.49","2,947.77","1,112.40",869.26,"1,981.67"
2003,Washington,"1,714.90","1,334.69","3,049.59","1,114.59",892.73,"2,007.32"
2004,Washington,"1,809.55","1,424.60","3,234.15","1,133.16",925.42,"2,058.58"
2005,Washington,"1,950.45","1,496.23","3,446.69","1,198.22",942.30,"2,140.53"
2006,Washington,"2,044.14","1,558.52","3,602.66","1,234.32",952.00,"2,186.32"
2007,Washington,"2,208.26","1,620.08","3,828.34","1,279.45",954.84,"2,234.29"
2008,Washington,"2,304.67","1,638.40","3,943.06","1,254.99",924.86,"2,179.85"
2009,Washington,"2,181.72","1,600.80","3,782.52","1,182.52",873.27,"2,055.80"
2010,Washington,"2,213.05","1,634.27","3,847.32","1,195.55",880.32,"2,075.87"
2011,Washington,"2,311.18","1,729.85","4,041.03","1,191.35",910.52,"2,101.87"
2012,Washington,"2,541.16","1,855.61","4,396.77","1,278.39",949.69,"2,228.09"
2013,Washington,"2,557.50","1,976.09","4,533.59","1,275.09",990.21,"2,265.30"
2014,Washington,"2,561.68","2,091.71","4,653.39","1,247.38","1,023.25","2,270.63"
2015,Washington,"2,550.75","2,283.59","4,834.34","1,227.73","1,086.06","2,313.79"
2016,Washington,"2,585.63","2,525.95","5,111.58","1,261.10","1,171.17","2,432.27"
2017,Washington,"2,609.39","2,660.72","5,270.11","1,275.23","1,205.52","2,480.75"
2018,Washington,"2,670.96","2,738.39","5,409.34","1,299.47","1,208.93","2,508.41"
2019,Washington,"2,741.01","2,887.15","5,628.16","1,321.90","1,236.44","2,558.33"
2020,Washington,"2,870.23","2,385.80","5,256.03","1,337.43",988.59,"2,326.02"
1997,West Virginia,"1,349.38",886.98,"2,236.36",995.18,688.12,"1,683.29"
1998,West Virginia,"1,329.39",928.60,"2,257.99",962.18,702.07,"1,664.25"
1999,West Virginia,"1,331.54",998.84,"2,330.39",945.54,736.88,"1,682.42"
2000,West Virginia,"1,344.70","1,085.16","2,429.86",933.84,782.09,"1,715.93"
2001,West Virginia,"1,374.03","1,127.44","2,501.47",923.95,789.66,"1,713.61"
2002,West Virginia,"1,335.86","1,227.89","2,563.75",887.02,838.80,"1,725.82"
2003,West Virginia,"1,357.95","1,191.33","2,549.28",882.59,796.84,"1,679.43"
2004,West Virginia,"1,398.51","1,185.79","2,584.29",875.76,770.29,"1,646.04"
2005,West Virginia,"1,417.29","1,212.06","2,629.35",870.69,763.34,"1,634.02"
2006,West Virginia,"1,435.38","1,230.62","2,666.00",866.73,751.70,"1,618.43"
2007,West Virginia,"1,567.09","1,255.62","2,822.71",907.96,740.04,"1,647.99"
2008,West Virginia,"1,666.27","1,325.28","2,991.55",907.35,748.11,"1,655.46"
2009,West Virginia,"1,633.72","1,313.26","2,946.98",885.50,716.41,"1,601.91"
2010,West Virginia,"1,721.29","1,359.32","3,080.61",929.89,732.22,"1,662.11"
2011,West Virginia,"1,805.23","1,433.82","3,239.05",930.54,754.70,"1,685.25"
2012,West Virginia,"2,007.69","1,517.05","3,524.74","1,010.02",776.42,"1,786.44"
2013,West Virginia,"1,961.87","1,582.17","3,544.04",978.13,792.82,"1,770.94"
2014,West Virginia,"1,945.88","1,679.08","3,624.96",947.52,821.39,"1,768.92"
2015,West Virginia,"1,938.99","1,776.56","3,715.55",933.28,844.92,"1,778.20"
2016,West Virginia,"1,930.41","1,860.49","3,790.90",941.53,862.63,"1,804.15"
2017,West Virginia,"2,007.71","1,973.22","3,980.93",981.18,894.03,"1,875.21"
2018,West Virginia,"2,053.40","2,048.20","4,101.60",999.02,904.23,"1,903.25"
2019,West Virginia,"2,181.17","2,080.80","4,261.97","1,051.91",891.11,"1,943.02"
2020,West Virginia,"2,275.49","1,834.97","4,110.47","1,060.30",760.35,"1,820.65"
1997,Wisconsin,"1,289.47",946.14,"2,235.62",951.00,734.02,"1,685.01"
1998,Wisconsin,"1,324.69",974.32,"2,299.01",958.77,736.64,"1,695.41"
1999,Wisconsin,"1,450.21",996.45,"2,446.66","1,029.81",735.12,"1,764.92"
2000,Wisconsin,"1,494.41","1,030.93","2,525.34","1,037.81",743.00,"1,780.81"
2001,Wisconsin,"1,548.39","1,039.35","2,587.73","1,041.19",727.96,"1,769.15"
2002,Wisconsin,"1,541.37","1,080.98","2,622.35","1,023.48",738.44,"1,761.92"
2003,Wisconsin,"1,589.57","1,147.80","2,737.36","1,033.13",767.72,"1,800.85"
2004,Wisconsin,"1,644.62","1,233.03","2,877.65","1,029.87",800.98,"1,830.85"
2005,Wisconsin,"1,579.21","1,280.92","2,860.13",970.16,806.70,"1,776.86"
2006,Wisconsin,"1,633.74","1,325.64","2,959.38",986.50,809.75,"1,796.25"
2007,Wisconsin,"1,706.52","1,401.16","3,107.68",988.74,825.81,"1,814.56"
2008,Wisconsin,"1,804.97","1,460.20","3,265.17",982.88,824.27,"1,807.15"
2009,Wisconsin,"1,756.13","1,403.60","3,159.73",951.85,765.70,"1,717.54"
2010,Wisconsin,"1,779.92","1,410.45","3,190.37",961.56,759.76,"1,721.32"
2011,Wisconsin,"1,836.06","1,475.22","3,311.28",946.44,776.49,"1,722.93"
2012,Wisconsin,"1,965.28","1,546.35","3,511.63",988.68,791.42,"1,780.10"
2013,Wisconsin,"2,036.56","1,637.22","3,673.78","1,015.36",820.40,"1,835.77"
2014,Wisconsin,"2,130.09","1,754.17","3,884.26","1,037.22",858.13,"1,895.35"
2015,Wisconsin,"2,267.09","1,907.07","4,174.16","1,091.20",906.99,"1,998.19"
2016,Wisconsin,"2,309.01","1,991.60","4,300.61","1,126.18",923.42,"2,049.60"
2017,Wisconsin,"2,465.06","2,140.47","4,605.53","1,204.69",969.81,"2,174.50"
2018,Wisconsin,"2,524.94","2,248.67","4,773.61","1,228.43",992.73,"2,221.17"
2019,Wisconsin,"2,629.57","2,357.49","4,987.05","1,268.15","1,009.61","2,277.76"
2020,Wisconsin,"2,826.30","2,009.65","4,835.95","1,316.96",832.73,"2,149.69"
1997,Wyoming,"1,788.40","1,102.32","2,890.72","1,318.96",855.17,"2,174.13"
1998,Wyoming,"1,803.98","1,145.81","2,949.79","1,305.67",866.29,"2,171.97"
1999,Wyoming,"1,896.53","1,237.31","3,133.84","1,346.74",912.81,"2,259.55"
2000,Wyoming,"1,852.71","1,307.59","3,160.29","1,286.63",942.39,"2,229.02"
2001,Wyoming,"1,855.32","1,345.25","3,200.57","1,247.58",942.22,"2,189.80"
2002,Wyoming,"1,836.63","1,391.62","3,228.25","1,219.54",950.64,"2,170.18"
2003,Wyoming,"2,011.98","1,442.16","3,454.14","1,307.67",964.61,"2,272.28"
2004,Wyoming,"1,982.61","1,534.23","3,516.84","1,241.53",996.63,"2,238.16"
2005,Wyoming,"2,091.83","1,622.76","3,714.59","1,285.07","1,021.99","2,307.06"
2006,Wyoming,"2,242.00","1,704.86","3,946.86","1,353.79","1,041.38","2,395.18"
2007,Wyoming,"2,197.86","1,768.42","3,966.28","1,273.42","1,042.27","2,315.69"
2008,Wyoming,"2,215.66","1,786.84","4,002.50","1,206.52","1,008.66","2,215.18"
2009,Wyoming,"2,061.96","1,694.23","3,756.19","1,117.61",924.24,"2,041.85"
2010,Wyoming,"2,048.79","1,654.23","3,703.02","1,106.81",891.08,"1,997.89"
2011,Wyoming,"2,166.96","1,741.58","3,908.54","1,117.01",916.70,"2,033.70"
2012,Wyoming,"2,136.32","1,802.92","3,939.24","1,074.73",922.73,"1,997.46"
2013,Wyoming,"2,069.81","1,880.16","3,949.98","1,031.95",942.14,"1,974.09"
2014,Wyoming,"2,181.66","2,045.09","4,226.75","1,062.33","1,000.45","2,062.78"
2015,Wyoming,"2,235.88","2,212.65","4,448.53","1,076.18","1,052.32","2,128.50"
2016,Wyoming,"2,247.02","2,378.78","4,625.80","1,095.95","1,102.94","2,198.88"
2017,Wyoming,"2,170.66","2,524.80","4,695.46","1,060.82","1,143.94","2,204.76"
2018,Wyoming,"2,306.52","2,703.22","5,009.75","1,122.17","1,193.41","2,315.58"
2019,Wyoming,"2,376.43","2,839.09","5,215.51","1,146.07","1,215.85","2,361.92"
2020,Wyoming,"2,696.89","2,349.73","5,046.62","1,256.66",973.65,"2,230.30"
